Team_1,Team_2,Winner,Margin,Ground,Match Date,Match_id
New Zealand,West Indies,New Zealand,159 runs,Queenstown,"Jan 1, 2014",ODI # 3451
New Zealand,West Indies,New Zealand,58 runs,Nelson,"Jan 4, 2014",ODI # 3452
New Zealand,West Indies,West Indies,203 runs,Hamilton,"Jan 8, 2014",ODI # 3453
Australia,England,Australia,6 wickets,Melbourne,"Jan 12, 2014",ODI # 3454
Australia,England,Australia,1 wicket,Brisbane,"Jan 17, 2014",ODI # 3455
New Zealand,India,New Zealand,24 runs,Napier,"Jan 19, 2014",ODI # 3456
Australia,England,Australia,7 wickets,Sydney,"Jan 19, 2014",ODI # 3457
New Zealand,India,New Zealand,15 runs,Hamilton,"Jan 22, 2014",ODI # 3458
Canada,Scotland,Scotland,170 runs,Christchurch,"Jan 23, 2014",ODI # 3459
Kenya,Netherlands,Kenya,4 wickets,Lincoln,"Jan 23, 2014",ODI # 3460
Australia,England,England,57 runs,Perth,"Jan 24, 2014",ODI # 3461
New Zealand,India,tied,,Auckland,"Jan 25, 2014",ODI # 3462
Australia,England,Australia,5 runs,Adelaide,"Jan 26, 2014",ODI # 3463
Canada,Netherlands,Netherlands,8 wickets,Mount Maunganui,"Jan 28, 2014",ODI # 3464
New Zealand,India,New Zealand,7 wickets,Hamilton,"Jan 28, 2014",ODI # 3465
Kenya,Scotland,Scotland,3 wickets,Christchurch,"Jan 30, 2014",ODI # 3466
New Zealand,India,New Zealand,87 runs,Wellington,"Jan 31, 2014",ODI # 3467
Scotland,U.A.E.,Scotland,41 runs,Lincoln,"Feb 1, 2014",ODI # 3468
Bangladesh,Sri Lanka,Sri Lanka,13 runs,Mirpur,"Feb 17, 2014",ODI # 3469
Bangladesh,Sri Lanka,Sri Lanka,61 runs,Mirpur,"Feb 20, 2014",ODI # 3470
Bangladesh,Sri Lanka,Sri Lanka,6 wickets,Mirpur,"Feb 22, 2014",ODI # 3471
West Indies,Ireland,West Indies,4 wickets,Kingston,"Feb 23, 2014",ODI # 3472
Pakistan,Sri Lanka,Sri Lanka,12 runs,Fatullah,"Feb 25, 2014",ODI # 3473
Bangladesh,India,India,6 wickets,Fatullah,"Feb 26, 2014",ODI # 3474
Afghanistan,Pakistan,Pakistan,72 runs,Fatullah,"Feb 27, 2014",ODI # 3475
India,Sri Lanka,Sri Lanka,2 wickets,Fatullah,"Feb 28, 2014",ODI # 3476
West Indies,England,West Indies,15 runs,North Sound,"Feb 28, 2014",ODI # 3477
Bangladesh,Afghanistan,Afghanistan,32 runs,Fatullah,"Mar 1, 2014",ODI # 3478
India,Pakistan,Pakistan,1 wicket,Mirpur,"Mar 2, 2014",ODI # 3479
West Indies,England,England,3 wickets,North Sound,"Mar 2, 2014",ODI # 3480
Afghanistan,Sri Lanka,Sri Lanka,129 runs,Mirpur,"Mar 3, 2014",ODI # 3481
Bangladesh,Pakistan,Pakistan,3 wickets,Mirpur,"Mar 4, 2014",ODI # 3482
Afghanistan,India,India,8 wickets,Mirpur,"Mar 5, 2014",ODI # 3483
West Indies,England,England,25 runs,North Sound,"Mar 5, 2014",ODI # 3484
Bangladesh,Sri Lanka,Sri Lanka,3 wickets,Mirpur,"Mar 6, 2014",ODI # 3485
Pakistan,Sri Lanka,Sri Lanka,5 wickets,Mirpur,"Mar 8, 2014",ODI # 3486
Afghanistan,Hong Kong,Afghanistan,6 wickets,Kuala Lumpur,"May 1, 2014",ODI # 3487
Afghanistan,U.A.E.,Afghanistan,70 runs,Kuala Lumpur,"May 2, 2014",ODI # 3488
Hong Kong,U.A.E.,U.A.E.,2 wickets,Kuala Lumpur,"May 4, 2014",ODI # 3489
Ireland,Sri Lanka,Sri Lanka,79 runs,Dublin,"May 6, 2014",ODI # 3490
Scotland,England,England,39 runs,Aberdeen,"May 9, 2014",ODI # 3491
England,Sri Lanka,England,81 runs,The Oval,"May 22, 2014",ODI # 3492
England,Sri Lanka,Sri Lanka,157 runs,Chester-le-Street,"May 25, 2014",ODI # 3493
England,Sri Lanka,England,10 wickets,Manchester,"May 28, 2014",ODI # 3494
England,Sri Lanka,Sri Lanka,7 runs,Lord's,"May 31, 2014",ODI # 3495
England,Sri Lanka,Sri Lanka,6 wickets,Birmingham,"Jun 3, 2014",ODI # 3496
Bangladesh,India,India,7 wickets,Mirpur,"Jun 15, 2014",ODI # 3497
Bangladesh,India,India,47 runs,Mirpur,"Jun 17, 2014",ODI # 3498
Bangladesh,India,no result,,Mirpur,"Jun 19, 2014",ODI # 3499
Sri Lanka,South Africa,South Africa,75 runs,Colombo (RPS),"Jul 6, 2014",ODI # 3500
Sri Lanka,South Africa,Sri Lanka,87 runs,Pallekele,"Jul 9, 2014",ODI # 3501
Sri Lanka,South Africa,South Africa,82 runs,Hambantota,"Jul 12, 2014",ODI # 3502
Zimbabwe,Afghanistan,Zimbabwe,6 wickets,Bulawayo,"Jul 18, 2014",ODI # 3503
Zimbabwe,Afghanistan,Zimbabwe,8 wickets,Bulawayo,"Jul 20, 2014",ODI # 3504
Zimbabwe,Afghanistan,Afghanistan,2 wickets,Bulawayo,"Jul 22, 2014",ODI # 3505
Zimbabwe,Afghanistan,Afghanistan,100 runs,Bulawayo,"Jul 24, 2014",ODI # 3506
Zimbabwe,South Africa,South Africa,93 runs,Bulawayo,"Aug 17, 2014",ODI # 3507
Zimbabwe,South Africa,South Africa,61 runs,Bulawayo,"Aug 19, 2014",ODI # 3508
West Indies,Bangladesh,West Indies,3 wickets,St George's,"Aug 20, 2014",ODI # 3509
Zimbabwe,South Africa,South Africa,7 wickets,Bulawayo,"Aug 21, 2014",ODI # 3510
West Indies,Bangladesh,West Indies,177 runs,St George's,"Aug 22, 2014",ODI # 3511
Sri Lanka,Pakistan,Pakistan,4 wickets,Hambantota,"Aug 23, 2014",ODI # 3512
Zimbabwe,Australia,Australia,198 runs,Harare,"Aug 25, 2014",ODI # 3513
West Indies,Bangladesh,West Indies,91 runs,Basseterre,"Aug 25, 2014",ODI # 3514
Sri Lanka,Pakistan,Sri Lanka,77 runs,Hambantota,"Aug 26, 2014",ODI # 3515
Australia,South Africa,South Africa,7 wickets,Harare,"Aug 27, 2014",ODI # 3516
England,India,India,133 runs,Cardiff,"Aug 27, 2014",ODI # 3517
Zimbabwe,South Africa,South Africa,61 runs,Harare,"Aug 29, 2014",ODI # 3518
Sri Lanka,Pakistan,Sri Lanka,7 wickets,Dambulla,"Aug 30, 2014",ODI # 3519
England,India,India,6 wickets,Nottingham,"Aug 30, 2014",ODI # 3520
Zimbabwe,Australia,Zimbabwe,3 wickets,Harare,"Aug 31, 2014",ODI # 3521
Australia,South Africa,Australia,62 runs,Harare,"Sep 2, 2014",ODI # 3522
England,India,India,9 wickets,Birmingham,"Sep 2, 2014",ODI # 3523
Zimbabwe,South Africa,South Africa,63 runs,Harare,"Sep 4, 2014",ODI # 3524
England,India,England,41 runs,Leeds,"Sep 5, 2014",ODI # 3525
Australia,South Africa,South Africa,6 wickets,Harare,"Sep 6, 2014",ODI # 3526
Ireland,Scotland,Ireland,7 wickets,Dublin (Malahide),"Sep 8, 2014",ODI # 3527
Ireland,Scotland,Ireland,3 wickets,Dublin (Malahide),"Sep 10, 2014",ODI # 3528
Ireland,Scotland,Scotland,8 wickets,Dublin (Malahide),"Sep 12, 2014",ODI # 3529
Australia,Pakistan,Australia,93 runs,Sharjah,"Oct 7, 2014",ODI # 3530
India,West Indies,West Indies,124 runs,Kochi,"Oct 8, 2014",ODI # 3531
Australia,Pakistan,Australia,5 wickets,Dubai (DSC),"Oct 10, 2014",ODI # 3532
India,West Indies,India,48 runs,Delhi,"Oct 11, 2014",ODI # 3533
Australia,Pakistan,Australia,1 run,Abu Dhabi,"Oct 12, 2014",ODI # 3534
India,West Indies,India,59 runs,Dharamsala,"Oct 17, 2014",ODI # 3535
New Zealand,South Africa,South Africa,6 wickets,Mount Maunganui,"Oct 21, 2014",ODI # 3536
New Zealand,South Africa,South Africa,72 runs,Mount Maunganui,"Oct 24, 2014",ODI # 3537
New Zealand,South Africa,no result,,Hamilton,"Oct 27, 2014",ODI # 3538
India,Sri Lanka,India,169 runs,Cuttack,"Nov 2, 2014",ODI # 3539
India,Sri Lanka,India,6 wickets,Ahmedabad,"Nov 6, 2014",ODI # 3540
Hong Kong,P.N.G.,P.N.G.,4 wickets,Townsville,"Nov 8, 2014",ODI # 3541
Hong Kong,P.N.G.,P.N.G.,3 wickets,Townsville,"Nov 9, 2014",ODI # 3542
India,Sri Lanka,India,6 wickets,Hyderabad,"Nov 9, 2014",ODI # 3543
India,Sri Lanka,India,153 runs,Eden Gardens,"Nov 13, 2014",ODI # 3544
Australia,South Africa,Australia,32 runs,Perth,"Nov 14, 2014",ODI # 3545
Australia,South Africa,South Africa,3 wickets,Perth,"Nov 16, 2014",ODI # 3546
India,Sri Lanka,India,3 wickets,Ranchi,"Nov 16, 2014",ODI # 3547
Australia,South Africa,Australia,73 runs,Canberra,"Nov 19, 2014",ODI # 3548
Australia,South Africa,Australia,3 wickets,Melbourne,"Nov 21, 2014",ODI # 3549
Bangladesh,Zimbabwe,Bangladesh,87 runs,Chattogram,"Nov 21, 2014",ODI # 3550
Australia,South Africa,Australia,2 wickets,Sydney,"Nov 23, 2014",ODI # 3551
Bangladesh,Zimbabwe,Bangladesh,68 runs,Chattogram,"Nov 23, 2014",ODI # 3552
Bangladesh,Zimbabwe,Bangladesh,124 runs,Mirpur,"Nov 26, 2014",ODI # 3553
Sri Lanka,England,Sri Lanka,25 runs,Colombo (RPS),"Nov 26, 2014",ODI # 3554
Bangladesh,Zimbabwe,Bangladesh,21 runs,Mirpur,"Nov 28, 2014",ODI # 3555
U.A.E.,Afghanistan,U.A.E.,5 wickets,ICCA Dubai,"Nov 28, 2014",ODI # 3556
Sri Lanka,England,Sri Lanka,8 wickets,Colombo (RPS),"Nov 29, 2014",ODI # 3557
U.A.E.,Afghanistan,U.A.E.,6 wickets,ICCA Dubai,"Nov 30, 2014",ODI # 3558
Bangladesh,Zimbabwe,Bangladesh,5 wickets,Mirpur,"Dec 1, 2014",ODI # 3559
U.A.E.,Afghanistan,Afghanistan,2 wickets,ICCA Dubai,"Dec 2, 2014",ODI # 3560
Sri Lanka,England,England,5 wickets,Hambantota,"Dec 3, 2014",ODI # 3561
U.A.E.,Afghanistan,U.A.E.,30 runs,ICCA Dubai,"Dec 4, 2014",ODI # 3562
Sri Lanka,England,Sri Lanka,6 wickets,Colombo (RPS),"Dec 7, 2014",ODI # 3563
New Zealand,Pakistan,Pakistan,3 wickets,Dubai (DSC),"Dec 8, 2014",ODI # 3564
Sri Lanka,England,England,5 wickets,Pallekele,"Dec 10-11, 2014",ODI # 3565
New Zealand,Pakistan,New Zealand,4 wickets,Sharjah,"Dec 12, 2014",ODI # 3566
Sri Lanka,England,Sri Lanka,90 runs,Pallekele,"Dec 13, 2014",ODI # 3567
New Zealand,Pakistan,Pakistan,147 runs,Sharjah,"Dec 14, 2014",ODI # 3568
Sri Lanka,England,Sri Lanka,87 runs,Colombo (RPS),"Dec 16, 2014",ODI # 3569
New Zealand,Pakistan,New Zealand,7 runs,Abu Dhabi,"Dec 17, 2014",ODI # 3570
New Zealand,Pakistan,New Zealand,68 runs,Abu Dhabi,"Dec 19, 2014",ODI # 3571
Afghanistan,Scotland,Afghanistan,8 wickets,ICCA Dubai,"Jan 8, 2015",ODI # 3572
Afghanistan,Ireland,Ireland,3 wickets,Dubai (DSC),"Jan 10, 2015",ODI # 3573
New Zealand,Sri Lanka,New Zealand,3 wickets,Christchurch,"Jan 11, 2015",ODI # 3574
Ireland,Scotland,Ireland,3 wickets,Dubai (DSC),"Jan 12, 2015",ODI # 3575
Afghanistan,Scotland,Scotland,150 runs,Abu Dhabi,"Jan 14, 2015",ODI # 3576
New Zealand,Sri Lanka,Sri Lanka,6 wickets,Hamilton,"Jan 15, 2015",ODI # 3577
Australia,England,Australia,3 wickets,Sydney,"Jan 16, 2015",ODI # 3578
South Africa,West Indies,South Africa,61 runs,Durban,"Jan 16, 2015",ODI # 3579
New Zealand,Sri Lanka,no result,,Auckland,"Jan 17, 2015",ODI # 3580
Afghanistan,Ireland,Afghanistan,71 runs,Dubai (DSC),"Jan 17, 2015",ODI # 3581
Australia,India,Australia,4 wickets,Melbourne,"Jan 18, 2015",ODI # 3582
South Africa,West Indies,South Africa,148 runs,Johannesburg,"Jan 18, 2015",ODI # 3583
Ireland,Scotland,no result,,ICCA Dubai,"Jan 19, 2015",ODI # 3584
New Zealand,Sri Lanka,New Zealand,4 wickets,Nelson,"Jan 20, 2015",ODI # 3585
England,India,England,9 wickets,Brisbane,"Jan 20, 2015",ODI # 3586
South Africa,West Indies,South Africa,9 wickets,East London,"Jan 21, 2015",ODI # 3587
New Zealand,Sri Lanka,New Zealand,108 runs,Dunedin,"Jan 23, 2015",ODI # 3588
Australia,England,Australia,3 wickets,Hobart,"Jan 23, 2015",ODI # 3589
New Zealand,Sri Lanka,New Zealand,120 runs,Dunedin,"Jan 25, 2015",ODI # 3590
South Africa,West Indies,West Indies,1 wicket,Gqeberha,"Jan 25, 2015",ODI # 3591
Australia,India,no result,,Sydney,"Jan 26, 2015",ODI # 3592
South Africa,West Indies,South Africa,131 runs,Centurion,"Jan 28, 2015",ODI # 3593
New Zealand,Sri Lanka,Sri Lanka,34 runs,Wellington,"Jan 29, 2015",ODI # 3594
England,India,England,3 wickets,Perth,"Jan 30, 2015",ODI # 3595
New Zealand,Pakistan,New Zealand,7 wickets,Wellington,"Jan 31, 2015",ODI # 3596
Australia,England,Australia,112 runs,Perth,"Feb 1, 2015",ODI # 3597
New Zealand,Pakistan,New Zealand,119 runs,Napier,"Feb 3, 2015",ODI # 3598
New Zealand,Sri Lanka,New Zealand,98 runs,Christchurch,"Feb 14, 2015",ODI # 3599
Australia,England,Australia,111 runs,Melbourne,"Feb 14, 2015",ODI # 3600
South Africa,Zimbabwe,South Africa,62 runs,Hamilton,"Feb 15, 2015",ODI # 3601
India,Pakistan,India,76 runs,Adelaide,"Feb 15, 2015",ODI # 3602
Ireland,West Indies,Ireland,4 wickets,Nelson,"Feb 16, 2015",ODI # 3603
New Zealand,Scotland,New Zealand,3 wickets,Dunedin,"Feb 17, 2015",ODI # 3604
Afghanistan,Bangladesh,Bangladesh,105 runs,Canberra,"Feb 18, 2015",ODI # 3605
U.A.E.,Zimbabwe,Zimbabwe,4 wickets,Nelson,"Feb 19, 2015",ODI # 3606
New Zealand,England,New Zealand,8 wickets,Wellington,"Feb 20, 2015",ODI # 3607
Pakistan,West Indies,West Indies,150 runs,Christchurch,"Feb 21, 2015",ODI # 3608
Afghanistan,Sri Lanka,Sri Lanka,4 wickets,Dunedin,"Feb 22, 2015",ODI # 3609
India,South Africa,India,130 runs,Melbourne,"Feb 22, 2015",ODI # 3610
England,Scotland,England,119 runs,Christchurch,"Feb 23, 2015",ODI # 3611
West Indies,Zimbabwe,West Indies,73 runs,Canberra,"Feb 24, 2015",ODI # 3612
Ireland,U.A.E.,Ireland,2 wickets,Brisbane,"Feb 25, 2015",ODI # 3613
Afghanistan,Scotland,Afghanistan,1 wicket,Dunedin,"Feb 26, 2015",ODI # 3614
Bangladesh,Sri Lanka,Sri Lanka,92 runs,Melbourne,"Feb 26, 2015",ODI # 3615
South Africa,West Indies,South Africa,257 runs,Sydney,"Feb 27, 2015",ODI # 3616
New Zealand,Australia,New Zealand,1 wicket,Auckland,"Feb 28, 2015",ODI # 3617
India,U.A.E.,India,9 wickets,Perth,"Feb 28, 2015",ODI # 3618
England,Sri Lanka,Sri Lanka,9 wickets,Wellington,"Mar 1, 2015",ODI # 3619
Pakistan,Zimbabwe,Pakistan,20 runs,Brisbane,"Mar 1, 2015",ODI # 3620
Ireland,South Africa,South Africa,201 runs,Canberra,"Mar 3, 2015",ODI # 3621
Pakistan,U.A.E.,Pakistan,129 runs,Napier,"Mar 4, 2015",ODI # 3622
Australia,Afghanistan,Australia,275 runs,Perth,"Mar 4, 2015",ODI # 3623
Bangladesh,Scotland,Bangladesh,6 wickets,Nelson,"Mar 5, 2015",ODI # 3624
India,West Indies,India,4 wickets,Perth,"Mar 6, 2015",ODI # 3625
Pakistan,South Africa,Pakistan,29 runs,Auckland,"Mar 7, 2015",ODI # 3626
Ireland,Zimbabwe,Ireland,5 runs,Hobart,"Mar 7, 2015",ODI # 3627
New Zealand,Afghanistan,New Zealand,6 wickets,Napier,"Mar 8, 2015",ODI # 3628
Australia,Sri Lanka,Australia,64 runs,Sydney,"Mar 8, 2015",ODI # 3629
Bangladesh,England,Bangladesh,15 runs,Adelaide,"Mar 9, 2015",ODI # 3630
India,Ireland,India,8 wickets,Hamilton,"Mar 10, 2015",ODI # 3631
Scotland,Sri Lanka,Sri Lanka,148 runs,Hobart,"Mar 11, 2015",ODI # 3632
South Africa,U.A.E.,South Africa,146 runs,Wellington,"Mar 12, 2015",ODI # 3633
New Zealand,Bangladesh,New Zealand,3 wickets,Hamilton,"Mar 13, 2015",ODI # 3634
Afghanistan,England,England,9 wickets,Sydney,"Mar 13, 2015",ODI # 3635
India,Zimbabwe,India,6 wickets,Auckland,"Mar 14, 2015",ODI # 3636
Australia,Scotland,Australia,7 wickets,Hobart,"Mar 14, 2015",ODI # 3637
U.A.E.,West Indies,West Indies,6 wickets,Napier,"Mar 15, 2015",ODI # 3638
Ireland,Pakistan,Pakistan,7 wickets,Adelaide,"Mar 15, 2015",ODI # 3639
South Africa,Sri Lanka,South Africa,9 wickets,Sydney,"Mar 18, 2015",ODI # 3640
Bangladesh,India,India,109 runs,Melbourne,"Mar 19, 2015",ODI # 3641
Australia,Pakistan,Australia,6 wickets,Adelaide,"Mar 20, 2015",ODI # 3642
New Zealand,West Indies,New Zealand,143 runs,Wellington,"Mar 21, 2015",ODI # 3643
New Zealand,South Africa,New Zealand,4 wickets,Auckland,"Mar 24, 2015",ODI # 3644
Australia,India,Australia,95 runs,Sydney,"Mar 26, 2015",ODI # 3645
Australia,New Zealand,Australia,7 wickets,Melbourne,"Mar 29, 2015",ODI # 3646
Bangladesh,Pakistan,Bangladesh,79 runs,Mirpur,"Apr 17, 2015",ODI # 3647
Bangladesh,Pakistan,Bangladesh,7 wickets,Mirpur,"Apr 19, 2015",ODI # 3648
Bangladesh,Pakistan,Bangladesh,8 wickets,Mirpur,"Apr 22, 2015",ODI # 3649
Ireland,England,no result,,Dublin (Malahide),"May 8, 2015",ODI # 3650
Pakistan,Zimbabwe,Pakistan,41 runs,Lahore,"May 26, 2015",ODI # 3651
Pakistan,Zimbabwe,Pakistan,6 wickets,Lahore,"May 29, 2015",ODI # 3652
Pakistan,Zimbabwe,no result,,Lahore,"May 31, 2015",ODI # 3653
England,New Zealand,England,210 runs,Birmingham,"Jun 9, 2015",ODI # 3654
England,New Zealand,New Zealand,13 runs,The Oval,"Jun 12, 2015",ODI # 3655
England,New Zealand,New Zealand,3 wickets,Southampton,"Jun 14, 2015",ODI # 3656
England,New Zealand,England,7 wickets,Nottingham,"Jun 17, 2015",ODI # 3657
Bangladesh,India,Bangladesh,79 runs,Mirpur,"Jun 18, 2015",ODI # 3658
England,New Zealand,England,3 wickets,Chester-le-Street,"Jun 20, 2015",ODI # 3659
Bangladesh,India,Bangladesh,6 wickets,Mirpur,"Jun 21, 2015",ODI # 3660
Bangladesh,India,India,77 runs,Mirpur,"Jun 24, 2015",ODI # 3661
Zimbabwe,India,India,4 runs,Harare,"Jul 10, 2015",ODI # 3662
Bangladesh,South Africa,South Africa,8 wickets,Mirpur,"Jul 10, 2015",ODI # 3663
Sri Lanka,Pakistan,Pakistan,6 wickets,Dambulla,"Jul 11, 2015",ODI # 3664
Zimbabwe,India,India,62 runs,Harare,"Jul 12, 2015",ODI # 3665
Bangladesh,South Africa,Bangladesh,7 wickets,Mirpur,"Jul 12, 2015",ODI # 3666
Zimbabwe,India,India,83 runs,Harare,"Jul 14, 2015",ODI # 3667
Bangladesh,South Africa,Bangladesh,9 wickets,Chattogram,"Jul 15, 2015",ODI # 3668
Sri Lanka,Pakistan,Sri Lanka,2 wickets,Pallekele,"Jul 15, 2015",ODI # 3669
Sri Lanka,Pakistan,Pakistan,135 runs,Colombo (RPS),"Jul 19, 2015",ODI # 3670
Sri Lanka,Pakistan,Pakistan,7 wickets,Colombo (RPS),"Jul 22, 2015",ODI # 3671
Sri Lanka,Pakistan,Sri Lanka,165 runs,Hambantota,"Jul 26, 2015",ODI # 3672
Zimbabwe,New Zealand,Zimbabwe,7 wickets,Harare,"Aug 2, 2015",ODI # 3673
Zimbabwe,New Zealand,New Zealand,10 wickets,Harare,"Aug 4, 2015",ODI # 3674
Zimbabwe,New Zealand,New Zealand,38 runs,Harare,"Aug 7, 2015",ODI # 3675
South Africa,New Zealand,South Africa,20 runs,Centurion,"Aug 19, 2015",ODI # 3676
South Africa,New Zealand,New Zealand,8 wickets,Potchefstroom,"Aug 23, 2015",ODI # 3677
South Africa,New Zealand,South Africa,62 runs,Durban,"Aug 26, 2015",ODI # 3678
Ireland,Australia,Australia,23 runs,Belfast,"Aug 27, 2015",ODI # 3679
England,Australia,Australia,59 runs,Southampton,"Sep 3, 2015",ODI # 3680
England,Australia,Australia,64 runs,Lord's,"Sep 5, 2015",ODI # 3681
England,Australia,England,93 runs,Manchester,"Sep 8, 2015",ODI # 3682
England,Australia,England,3 wickets,Leeds,"Sep 11, 2015",ODI # 3683
England,Australia,Australia,8 wickets,Manchester,"Sep 13, 2015",ODI # 3684
Zimbabwe,Pakistan,Pakistan,131 runs,Harare,"Oct 1, 2015",ODI # 3685
Zimbabwe,Pakistan,Zimbabwe,5 runs,Harare,"Oct 3, 2015",ODI # 3686
Zimbabwe,Pakistan,Pakistan,7 wickets,Harare,"Oct 5, 2015",ODI # 3687
Zimbabwe,Ireland,Zimbabwe,2 wickets,Harare,"Oct 9, 2015",ODI # 3688
India,South Africa,South Africa,5 runs,Kanpur,"Oct 11, 2015",ODI # 3689
Zimbabwe,Ireland,Zimbabwe,5 wickets,Harare,"Oct 11, 2015",ODI # 3690
Zimbabwe,Ireland,Ireland,2 wickets,Harare,"Oct 13, 2015",ODI # 3691
India,South Africa,India,22 runs,Indore,"Oct 14, 2015",ODI # 3692
Zimbabwe,Afghanistan,Zimbabwe,8 wickets,Bulawayo,"Oct 16, 2015",ODI # 3693
Zimbabwe,Afghanistan,Afghanistan,58 runs,Bulawayo,"Oct 18, 2015",ODI # 3694
India,South Africa,South Africa,18 runs,Rajkot,"Oct 18, 2015",ODI # 3695
Zimbabwe,Afghanistan,Zimbabwe,6 wickets,Bulawayo,"Oct 20, 2015",ODI # 3696
Zimbabwe,Afghanistan,Afghanistan,3 wickets,Bulawayo,"Oct 22, 2015",ODI # 3697
India,South Africa,India,35 runs,Chennai,"Oct 22, 2015",ODI # 3698
Zimbabwe,Afghanistan,Afghanistan,73 runs,Bulawayo,"Oct 24, 2015",ODI # 3699
India,South Africa,South Africa,214 runs,Wankhede,"Oct 25, 2015",ODI # 3700
Sri Lanka,West Indies,Sri Lanka,1 wicket,Colombo (RPS),"Nov 1, 2015",ODI # 3701
Sri Lanka,West Indies,Sri Lanka,8 wickets,Colombo (RPS),"Nov 4, 2015",ODI # 3702
Bangladesh,Zimbabwe,Bangladesh,145 runs,Mirpur,"Nov 7, 2015",ODI # 3703
Sri Lanka,West Indies,Sri Lanka,19 runs,Pallekele,"Nov 7, 2015",ODI # 3704
Bangladesh,Zimbabwe,Bangladesh,58 runs,Mirpur,"Nov 9, 2015",ODI # 3705
Bangladesh,Zimbabwe,Bangladesh,61 runs,Mirpur,"Nov 11, 2015",ODI # 3706
England,Pakistan,Pakistan,6 wickets,Abu Dhabi,"Nov 11, 2015",ODI # 3707
England,Pakistan,England,95 runs,Abu Dhabi,"Nov 13, 2015",ODI # 3708
U.A.E.,Hong Kong,Hong Kong,89 runs,ICCA Dubai,"Nov 16, 2015",ODI # 3709
England,Pakistan,England,6 wickets,Sharjah,"Nov 17, 2015",ODI # 3710
U.A.E.,Hong Kong,Hong Kong,136 runs,ICCA Dubai,"Nov 18, 2015",ODI # 3711
England,Pakistan,England,84 runs,Dubai (DSC),"Nov 20, 2015",ODI # 3712
Afghanistan,Zimbabwe,Afghanistan,49 runs,Sharjah,"Dec 25, 2015",ODI # 3713
New Zealand,Sri Lanka,New Zealand,7 wickets,Christchurch,"Dec 26, 2015",ODI # 3714
New Zealand,Sri Lanka,New Zealand,10 wickets,Christchurch,"Dec 28, 2015",ODI # 3715
Afghanistan,Zimbabwe,Afghanistan,4 wickets,Sharjah,"Dec 29, 2015",ODI # 3716
New Zealand,Sri Lanka,Sri Lanka,8 wickets,Nelson,"Dec 31, 2015",ODI # 3717
New Zealand,Sri Lanka,no result,,Nelson,"Jan 2, 2016",ODI # 3718
Afghanistan,Zimbabwe,Zimbabwe,117 runs,Sharjah,"Jan 2, 2016",ODI # 3719
Afghanistan,Zimbabwe,Zimbabwe,65 runs,Sharjah,"Jan 4, 2016",ODI # 3720
New Zealand,Sri Lanka,New Zealand,36 runs,Mount Maunganui,"Jan 5, 2016",ODI # 3721
Afghanistan,Zimbabwe,Afghanistan,2 wickets,Sharjah,"Jan 6, 2016",ODI # 3722
Australia,India,Australia,5 wickets,Perth,"Jan 12, 2016",ODI # 3723
Australia,India,Australia,7 wickets,Brisbane,"Jan 15, 2016",ODI # 3724
Australia,India,Australia,3 wickets,Melbourne,"Jan 17, 2016",ODI # 3725
Australia,India,Australia,25 runs,Canberra,"Jan 20, 2016",ODI # 3726
Australia,India,India,6 wickets,Sydney,"Jan 23, 2016",ODI # 3727
New Zealand,Pakistan,New Zealand,70 runs,Wellington,"Jan 25, 2016",ODI # 3728
Hong Kong,Scotland,Hong Kong,109 runs,Mong Kok,"Jan 26, 2016",ODI # 3729
New Zealand,Pakistan,New Zealand,3 wickets,Auckland,"Jan 31, 2016",ODI # 3730
New Zealand,Australia,New Zealand,159 runs,Auckland,"Feb 3, 2016",ODI # 3731
South Africa,England,England,39 runs,Bloemfontein,"Feb 3, 2016",ODI # 3732
New Zealand,Australia,Australia,4 wickets,Wellington,"Feb 6, 2016",ODI # 3733
South Africa,England,England,5 wickets,Gqeberha,"Feb 6, 2016",ODI # 3734
New Zealand,Australia,New Zealand,55 runs,Hamilton,"Feb 8, 2016",ODI # 3735
South Africa,England,South Africa,7 wickets,Centurion,"Feb 9, 2016",ODI # 3736
South Africa,England,South Africa,1 wicket,Johannesburg,"Feb 12, 2016",ODI # 3737
South Africa,England,South Africa,5 wickets,Cape Town,"Feb 14, 2016",ODI # 3738
West Indies,South Africa,West Indies,4 wickets,Providence,"Jun 3, 2016",ODI # 3739
West Indies,Australia,Australia,6 wickets,Providence,"Jun 5, 2016",ODI # 3740
Australia,South Africa,South Africa,47 runs,Providence,"Jun 7, 2016",ODI # 3741
Zimbabwe,India,India,9 wickets,Harare,"Jun 11, 2016",ODI # 3742
Australia,South Africa,Australia,36 runs,Basseterre,"Jun 11, 2016",ODI # 3743
Zimbabwe,India,India,8 wickets,Harare,"Jun 13, 2016",ODI # 3744
West Indies,Australia,West Indies,4 wickets,Basseterre,"Jun 13, 2016",ODI # 3745
Zimbabwe,India,India,10 wickets,Harare,"Jun 15, 2016",ODI # 3746
West Indies,South Africa,South Africa,139 runs,Basseterre,"Jun 15, 2016",ODI # 3747
Ireland,Sri Lanka,Sri Lanka,76 runs,Dublin (Malahide),"Jun 16, 2016",ODI # 3748
Ireland,Sri Lanka,Sri Lanka,136 runs,Dublin (Malahide),"Jun 18, 2016",ODI # 3749
Australia,South Africa,no result,,Bridgetown,"Jun 19, 2016",ODI # 3750
England,Sri Lanka,tied,,Nottingham,"Jun 21, 2016",ODI # 3751
West Indies,Australia,Australia,6 wickets,Bridgetown,"Jun 21, 2016",ODI # 3752
England,Sri Lanka,England,10 wickets,Birmingham,"Jun 24, 2016",ODI # 3753
West Indies,South Africa,West Indies,100 runs,Bridgetown,"Jun 24, 2016",ODI # 3754
England,Sri Lanka,no result,,Bristol,"Jun 26, 2016",ODI # 3755
West Indies,Australia,Australia,58 runs,Bridgetown,"Jun 26, 2016",ODI # 3756
England,Sri Lanka,England,6 wickets,The Oval,"Jun 29, 2016",ODI # 3757
England,Sri Lanka,England,122 runs,Cardiff,"Jul 2, 2016",ODI # 3758
Scotland,Afghanistan,no result,,Edinburgh,"Jul 4, 2016",ODI # 3759
Scotland,Afghanistan,Afghanistan,78 runs,Edinburgh,"Jul 6, 2016",ODI # 3760
Ireland,Afghanistan,Afghanistan,39 runs,Belfast,"Jul 12, 2016",ODI # 3761
Ireland,Afghanistan,Ireland,6 wickets,Belfast,"Jul 14, 2016",ODI # 3762
Ireland,Afghanistan,Afghanistan,79 runs,Belfast,"Jul 17, 2016",ODI # 3763
Ireland,Afghanistan,Ireland,12 runs,Belfast,"Jul 19, 2016",ODI # 3764
Scotland,U.A.E.,Scotland,98 runs,Edinburgh,"Aug 14, 2016",ODI # 3765
Scotland,U.A.E.,Scotland,7 wickets,Edinburgh,"Aug 16, 2016",ODI # 3766
Ireland,Pakistan,Pakistan,255 runs,Dublin (Malahide),"Aug 18, 2016",ODI # 3767
Sri Lanka,Australia,Australia,3 wickets,Colombo (RPS),"Aug 21, 2016",ODI # 3768
Sri Lanka,Australia,Sri Lanka,82 runs,Colombo (RPS),"Aug 24, 2016",ODI # 3769
England,Pakistan,England,44 runs,Southampton,"Aug 24, 2016",ODI # 3770
England,Pakistan,England,4 wickets,Lord's,"Aug 27, 2016",ODI # 3771
Sri Lanka,Australia,Australia,2 wickets,Dambulla,"Aug 28, 2016",ODI # 3772
England,Pakistan,England,169 runs,Nottingham,"Aug 30, 2016",ODI # 3773
Sri Lanka,Australia,Australia,6 wickets,Dambulla,"Aug 31, 2016",ODI # 3774
England,Pakistan,England,4 wickets,Leeds,"Sep 1, 2016",ODI # 3775
Sri Lanka,Australia,Australia,5 wickets,Pallekele,"Sep 4, 2016",ODI # 3776
England,Pakistan,Pakistan,4 wickets,Cardiff,"Sep 4, 2016",ODI # 3777
Scotland,Hong Kong,no result,,Edinburgh,"Sep 8, 2016",ODI # 3778
Scotland,Hong Kong,Scotland,53 runs,Edinburgh,"Sep 10, 2016",ODI # 3779
South Africa,Ireland,South Africa,206 runs,Benoni,"Sep 25, 2016",ODI # 3780
Bangladesh,Afghanistan,Bangladesh,7 runs,Mirpur,"Sep 25, 2016",ODI # 3781
Australia,Ireland,Australia,9 wickets,Benoni,"Sep 27, 2016",ODI # 3782
Bangladesh,Afghanistan,Afghanistan,2 wickets,Mirpur,"Sep 28, 2016",ODI # 3783
Pakistan,West Indies,Pakistan,111 runs,Sharjah,"Sep 30, 2016",ODI # 3784
South Africa,Australia,South Africa,6 wickets,Centurion,"Sep 30, 2016",ODI # 3785
Bangladesh,Afghanistan,Bangladesh,141 runs,Mirpur,"Oct 1, 2016",ODI # 3786
South Africa,Australia,South Africa,142 runs,Johannesburg,"Oct 2, 2016",ODI # 3787
Pakistan,West Indies,Pakistan,59 runs,Sharjah,"Oct 2, 2016",ODI # 3788
Pakistan,West Indies,Pakistan,136 runs,Abu Dhabi,"Oct 5, 2016",ODI # 3789
South Africa,Australia,South Africa,4 wickets,Durban,"Oct 5, 2016",ODI # 3790
Bangladesh,England,England,21 runs,Mirpur,"Oct 7, 2016",ODI # 3791
South Africa,Australia,South Africa,6 wickets,Gqeberha,"Oct 9, 2016",ODI # 3792
Bangladesh,England,Bangladesh,34 runs,Mirpur,"Oct 9, 2016",ODI # 3793
Bangladesh,England,England,4 wickets,Chattogram,"Oct 12, 2016",ODI # 3794
South Africa,Australia,South Africa,31 runs,Cape Town,"Oct 12, 2016",ODI # 3795
India,New Zealand,India,6 wickets,Dharamsala,"Oct 16, 2016",ODI # 3796
India,New Zealand,New Zealand,6 runs,Delhi,"Oct 20, 2016",ODI # 3797
India,New Zealand,India,7 wickets,Mohali,"Oct 23, 2016",ODI # 3798
India,New Zealand,New Zealand,19 runs,Ranchi,"Oct 26, 2016",ODI # 3799
India,New Zealand,India,190 runs,Visakhapatnam,"Oct 29, 2016",ODI # 3800
Hong Kong,P.N.G.,Hong Kong,106 runs,Mong Kok,"Nov 4, 2016",ODI # 3801
Hong Kong,P.N.G.,P.N.G.,14 runs,Mong Kok,"Nov 6, 2016",ODI # 3802
Hong Kong,P.N.G.,Hong Kong,7 wickets,Mong Kok,"Nov 8, 2016",ODI # 3803
Zimbabwe,Sri Lanka,Sri Lanka,8 wickets,Harare,"Nov 14, 2016",ODI # 3804
Sri Lanka,West Indies,West Indies,62 runs,Harare,"Nov 16, 2016",ODI # 3805
Zimbabwe,West Indies,tied,,Bulawayo,"Nov 19, 2016",ODI # 3806
Zimbabwe,Sri Lanka,no result,,Bulawayo,"Nov 21, 2016",ODI # 3807
Sri Lanka,West Indies,Sri Lanka,1 run,Bulawayo,"Nov 23, 2016",ODI # 3808
Zimbabwe,West Indies,Zimbabwe,5 runs,Bulawayo,"Nov 25, 2016",ODI # 3809
Zimbabwe,Sri Lanka,Sri Lanka,6 wickets,Bulawayo,"Nov 27, 2016",ODI # 3810
Australia,New Zealand,Australia,68 runs,Sydney,"Dec 4, 2016",ODI # 3811
Australia,New Zealand,Australia,116 runs,Canberra,"Dec 6, 2016",ODI # 3812
Australia,New Zealand,Australia,117 runs,Melbourne,"Dec 9, 2016",ODI # 3813
New Zealand,Bangladesh,New Zealand,77 runs,Christchurch,"Dec 26, 2016",ODI # 3814
New Zealand,Bangladesh,New Zealand,67 runs,Nelson,"Dec 29, 2016",ODI # 3815
New Zealand,Bangladesh,New Zealand,8 wickets,Nelson,"Dec 31, 2016",ODI # 3816
Australia,Pakistan,Australia,92 runs,Brisbane,"Jan 13, 2017",ODI # 3817
Australia,Pakistan,Pakistan,6 wickets,Melbourne,"Jan 15, 2017",ODI # 3818
India,England,India,3 wickets,Pune,"Jan 15, 2017",ODI # 3819
Australia,Pakistan,Australia,7 wickets,Perth,"Jan 19, 2017",ODI # 3820
India,England,India,15 runs,Cuttack,"Jan 19, 2017",ODI # 3821
Australia,Pakistan,Australia,86 runs,Sydney,"Jan 22, 2017",ODI # 3822
Hong Kong,Scotland,Hong Kong,7 wickets,Abu Dhabi,"Jan 22, 2017",ODI # 3823
India,England,England,5 runs,Eden Gardens,"Jan 22, 2017",ODI # 3824
U.A.E.,Scotland,U.A.E.,4 wickets,Dubai (DSC),"Jan 24, 2017",ODI # 3825
Australia,Pakistan,Australia,57 runs,Adelaide,"Jan 26, 2017",ODI # 3826
U.A.E.,Hong Kong,U.A.E.,6 wickets,Dubai (DSC),"Jan 26, 2017",ODI # 3827
South Africa,Sri Lanka,South Africa,8 wickets,Gqeberha,"Jan 28, 2017",ODI # 3828
New Zealand,Australia,New Zealand,6 runs,Auckland,"Jan 30, 2017",ODI # 3829
South Africa,Sri Lanka,South Africa,121 runs,Durban,"Feb 1, 2017",ODI # 3830
South Africa,Sri Lanka,South Africa,7 wickets,Johannesburg,"Feb 4, 2017",ODI # 3831
New Zealand,Australia,New Zealand,24 runs,Hamilton,"Feb 5, 2017",ODI # 3832
South Africa,Sri Lanka,South Africa,40 runs,Cape Town,"Feb 7, 2017",ODI # 3833
South Africa,Sri Lanka,South Africa,88 runs,Centurion,"Feb 10, 2017",ODI # 3834
Zimbabwe,Afghanistan,Afghanistan,12 runs,Harare,"Feb 16, 2017",ODI # 3835
New Zealand,South Africa,South Africa,4 wickets,Hamilton,"Feb 19, 2017",ODI # 3836
Zimbabwe,Afghanistan,Afghanistan,54 runs,Harare,"Feb 19, 2017",ODI # 3837
Zimbabwe,Afghanistan,Zimbabwe,3 runs,Harare,"Feb 21, 2017",ODI # 3838
New Zealand,South Africa,New Zealand,6 runs,Christchurch,"Feb 22, 2017",ODI # 3839
Zimbabwe,Afghanistan,Zimbabwe,7 wickets,Harare,"Feb 24, 2017",ODI # 3840
New Zealand,South Africa,South Africa,159 runs,Wellington,"Feb 25, 2017",ODI # 3841
Zimbabwe,Afghanistan,Afghanistan,106 runs,Harare,"Feb 26, 2017",ODI # 3842
New Zealand,South Africa,New Zealand,7 wickets,Hamilton,"Mar 1, 2017",ODI # 3843
U.A.E.,Ireland,Ireland,85 runs,ICCA Dubai,"Mar 2, 2017",ODI # 3844
West Indies,England,England,45 runs,North Sound,"Mar 3, 2017",ODI # 3845
New Zealand,South Africa,South Africa,6 wickets,Auckland,"Mar 4, 2017",ODI # 3846
U.A.E.,Ireland,Ireland,8 wickets,ICCA Dubai,"Mar 4, 2017",ODI # 3847
West Indies,England,England,4 wickets,North Sound,"Mar 5, 2017",ODI # 3848
West Indies,England,England,186 runs,Bridgetown,"Mar 9, 2017",ODI # 3849
Afghanistan,Ireland,Afghanistan,30 runs,Greater Noida,"Mar 15, 2017",ODI # 3850
Afghanistan,Ireland,Afghanistan,34 runs,Greater Noida,"Mar 17, 2017",ODI # 3851
Afghanistan,Ireland,Ireland,6 wickets,Greater Noida,"Mar 19, 2017",ODI # 3852
Afghanistan,Ireland,Ireland,3 wickets,Greater Noida,"Mar 22, 2017",ODI # 3853
Afghanistan,Ireland,Afghanistan,7 wickets,Greater Noida,"Mar 24, 2017",ODI # 3854
Sri Lanka,Bangladesh,Bangladesh,90 runs,Dambulla,"Mar 25, 2017",ODI # 3855
Sri Lanka,Bangladesh,no result,,Dambulla,"Mar 28, 2017",ODI # 3856
U.A.E.,P.N.G.,U.A.E.,82 runs,Abu Dhabi,"Mar 31, 2017",ODI # 3857
Sri Lanka,Bangladesh,Sri Lanka,70 runs,Colombo (SSC),"Apr 1, 2017",ODI # 3858
U.A.E.,P.N.G.,P.N.G.,26 runs,Abu Dhabi,"Apr 2, 2017",ODI # 3859
U.A.E.,P.N.G.,U.A.E.,103 runs,Abu Dhabi,"Apr 4, 2017",ODI # 3860
West Indies,Pakistan,West Indies,4 wickets,Providence,"Apr 7, 2017",ODI # 3861
West Indies,Pakistan,Pakistan,74 runs,Providence,"Apr 9, 2017",ODI # 3862
West Indies,Pakistan,Pakistan,6 wickets,Providence,"Apr 11, 2017",ODI # 3863
England,Ireland,England,7 wickets,Bristol,"May 5, 2017",ODI # 3864
England,Ireland,England,85 runs,Lord's,"May 7, 2017",ODI # 3865
Ireland,Bangladesh,no result,,Dublin (Malahide),"May 12, 2017",ODI # 3866
Ireland,New Zealand,New Zealand,51 runs,Dublin (Malahide),"May 14, 2017",ODI # 3867
Bangladesh,New Zealand,New Zealand,4 wickets,Dublin,"May 17, 2017",ODI # 3868
Ireland,Bangladesh,Bangladesh,8 wickets,Dublin (Malahide),"May 19, 2017",ODI # 3869
Ireland,New Zealand,New Zealand,190 runs,Dublin (Malahide),"May 21, 2017",ODI # 3870
Bangladesh,New Zealand,Bangladesh,5 wickets,Dublin,"May 24, 2017",ODI # 3871
England,South Africa,England,72 runs,Leeds,"May 24, 2017",ODI # 3872
England,South Africa,England,2 runs,Southampton,"May 27, 2017",ODI # 3873
England,South Africa,South Africa,7 wickets,Lord's,"May 29, 2017",ODI # 3874
England,Bangladesh,England,8 wickets,The Oval,"Jun 1, 2017",ODI # 3875
Australia,New Zealand,no result,,Birmingham,"Jun 2, 2017",ODI # 3876
South Africa,Sri Lanka,South Africa,96 runs,The Oval,"Jun 3, 2017",ODI # 3877
India,Pakistan,India,124 runs,Birmingham,"Jun 4, 2017",ODI # 3878
Australia,Bangladesh,no result,,The Oval,"Jun 5, 2017",ODI # 3879
England,New Zealand,England,87 runs,Cardiff,"Jun 6, 2017",ODI # 3880
Pakistan,South Africa,Pakistan,19 runs,Birmingham,"Jun 7, 2017",ODI # 3881
India,Sri Lanka,Sri Lanka,7 wickets,The Oval,"Jun 8, 2017",ODI # 3882
Bangladesh,New Zealand,Bangladesh,5 wickets,Cardiff,"Jun 9, 2017",ODI # 3883
West Indies,Afghanistan,Afghanistan,63 runs,Gros Islet,"Jun 9, 2017",ODI # 3884
England,Australia,England,40 runs,Birmingham,"Jun 10, 2017",ODI # 3885
India,South Africa,India,8 wickets,The Oval,"Jun 11, 2017",ODI # 3886
West Indies,Afghanistan,West Indies,4 wickets,Gros Islet,"Jun 11, 2017",ODI # 3887
Pakistan,Sri Lanka,Pakistan,3 wickets,Cardiff,"Jun 12, 2017",ODI # 3888
England,Pakistan,Pakistan,8 wickets,Cardiff,"Jun 14, 2017",ODI # 3889
West Indies,Afghanistan,no result,,Gros Islet,"Jun 14, 2017",ODI # 3890
Bangladesh,India,India,9 wickets,Birmingham,"Jun 15, 2017",ODI # 3891
Scotland,Zimbabwe,Scotland,26 runs,Edinburgh,"Jun 15, 2017",ODI # 3892
Scotland,Zimbabwe,Zimbabwe,6 wickets,Edinburgh,"Jun 17, 2017",ODI # 3893
India,Pakistan,Pakistan,180 runs,The Oval,"Jun 18, 2017",ODI # 3894
West Indies,India,no result,,Port of Spain,"Jun 23, 2017",ODI # 3895
West Indies,India,India,105 runs,Port of Spain,"Jun 25, 2017",ODI # 3896
Sri Lanka,Zimbabwe,Zimbabwe,6 wickets,Galle,"Jun 30, 2017",ODI # 3897
West Indies,India,India,93 runs,North Sound,"Jun 30, 2017",ODI # 3898
Sri Lanka,Zimbabwe,Sri Lanka,7 wickets,Galle,"Jul 2, 2017",ODI # 3899
West Indies,India,West Indies,11 runs,North Sound,"Jul 2, 2017",ODI # 3900
Sri Lanka,Zimbabwe,Sri Lanka,8 wickets,Hambantota,"Jul 6, 2017",ODI # 3901
West Indies,India,India,8 wickets,Kingston,"Jul 6, 2017",ODI # 3902
Sri Lanka,Zimbabwe,Zimbabwe,4 wickets,Hambantota,"Jul 8, 2017",ODI # 3903
Sri Lanka,Zimbabwe,Zimbabwe,3 wickets,Hambantota,"Jul 10, 2017",ODI # 3904
Sri Lanka,India,India,9 wickets,Dambulla,"Aug 20, 2017",ODI # 3905
Sri Lanka,India,India,3 wickets,Pallekele,"Aug 24, 2017",ODI # 3906
Sri Lanka,India,India,6 wickets,Pallekele,"Aug 27, 2017",ODI # 3907
Sri Lanka,India,India,168 runs,Colombo (RPS),"Aug 31, 2017",ODI # 3908
Sri Lanka,India,India,6 wickets,Colombo (RPS),"Sep 3, 2017",ODI # 3909
India,Australia,India,26 runs,Chennai,"Sep 17, 2017",ODI # 3910
England,West Indies,England,7 wickets,Manchester,"Sep 19, 2017",ODI # 3911
India,Australia,India,50 runs,Eden Gardens,"Sep 21, 2017",ODI # 3912
England,West Indies,no result,,Nottingham,"Sep 21, 2017",ODI # 3913
India,Australia,India,5 wickets,Indore,"Sep 24, 2017",ODI # 3914
England,West Indies,England,124 runs,Bristol,"Sep 24, 2017",ODI # 3915
England,West Indies,England,6 runs,The Oval,"Sep 27, 2017",ODI # 3916
India,Australia,Australia,21 runs,Bengaluru,"Sep 28, 2017",ODI # 3917
England,West Indies,England,9 wickets,Southampton,"Sep 29, 2017",ODI # 3918
India,Australia,India,7 wickets,Nagpur,"Oct 1, 2017",ODI # 3919
P.N.G.,Scotland,Scotland,101 runs,Port Moresby,"Oct 6, 2017",ODI # 3920
P.N.G.,Scotland,P.N.G.,5 wickets,Port Moresby,"Oct 8, 2017",ODI # 3921
Pakistan,Sri Lanka,Pakistan,83 runs,Dubai (DSC),"Oct 13, 2017",ODI # 3922
South Africa,Bangladesh,South Africa,10 wickets,Kimberley,"Oct 15, 2017",ODI # 3923
Pakistan,Sri Lanka,Pakistan,32 runs,Abu Dhabi,"Oct 16, 2017",ODI # 3924
South Africa,Bangladesh,South Africa,104 runs,Paarl,"Oct 18, 2017",ODI # 3925
Pakistan,Sri Lanka,Pakistan,7 wickets,Abu Dhabi,"Oct 18, 2017",ODI # 3926
Pakistan,Sri Lanka,Pakistan,7 wickets,Sharjah,"Oct 20, 2017",ODI # 3927
India,New Zealand,New Zealand,6 wickets,Wankhede,"Oct 22, 2017",ODI # 3928
South Africa,Bangladesh,South Africa,200 runs,East London,"Oct 22, 2017",ODI # 3929
Pakistan,Sri Lanka,Pakistan,9 wickets,Sharjah,"Oct 23, 2017",ODI # 3930
India,New Zealand,India,6 wickets,Pune,"Oct 25, 2017",ODI # 3931
India,New Zealand,India,6 runs,Kanpur,"Oct 29, 2017",ODI # 3932
P.N.G.,Scotland,Scotland,6 wickets,Dubai (DSC),"Nov 24, 2017",ODI # 3933
P.N.G.,Scotland,Scotland,4 wickets,Dubai (DSC),"Nov 25, 2017",ODI # 3934
Afghanistan,Ireland,Afghanistan,138 runs,Sharjah,"Dec 5, 2017",ODI # 3935
Hong Kong,P.N.G.,Hong Kong,23 runs,ICCA Dubai,"Dec 6, 2017",ODI # 3936
Afghanistan,Ireland,Ireland,51 runs,Sharjah,"Dec 7, 2017",ODI # 3937
Hong Kong,P.N.G.,Hong Kong,93 runs,ICCA Dubai,"Dec 8, 2017",ODI # 3938
India,Sri Lanka,Sri Lanka,7 wickets,Dharamsala,"Dec 10, 2017",ODI # 3939
Afghanistan,Ireland,Ireland,5 wickets,Sharjah,"Dec 10, 2017",ODI # 3940
India,Sri Lanka,India,141 runs,Mohali,"Dec 13, 2017",ODI # 3941
India,Sri Lanka,India,8 wickets,Visakhapatnam,"Dec 17, 2017",ODI # 3942
New Zealand,West Indies,New Zealand,5 wickets,Whangarei,"Dec 20, 2017",ODI # 3943
New Zealand,West Indies,New Zealand,204 runs,Christchurch,"Dec 23, 2017",ODI # 3944
New Zealand,West Indies,New Zealand,66 runs,Christchurch,"Dec 26, 2017",ODI # 3945
New Zealand,Pakistan,New Zealand,61 runs,Wellington,"Jan 6, 2018",ODI # 3946
New Zealand,Pakistan,New Zealand,8 wickets,Nelson,"Jan 9, 2018",ODI # 3947
U.A.E.,Ireland,Ireland,4 wickets,ICCA Dubai,"Jan 11, 2018",ODI # 3948
New Zealand,Pakistan,New Zealand,183 runs,Dunedin,"Jan 13, 2018",ODI # 3949
U.A.E.,Ireland,Ireland,67 runs,ICCA Dubai,"Jan 13, 2018",ODI # 3950
Australia,England,England,5 wickets,Melbourne,"Jan 14, 2018",ODI # 3951
Bangladesh,Zimbabwe,Bangladesh,8 wickets,Mirpur,"Jan 15, 2018",ODI # 3952
New Zealand,Pakistan,New Zealand,5 wickets,Hamilton,"Jan 16, 2018",ODI # 3953
Ireland,Scotland,Ireland,6 wickets,ICCA Dubai,"Jan 16, 2018",ODI # 3954
Sri Lanka,Zimbabwe,Zimbabwe,12 runs,Mirpur,"Jan 17, 2018",ODI # 3955
Ireland,Scotland,Ireland,24 runs,ICCA Dubai,"Jan 18, 2018",ODI # 3956
New Zealand,Pakistan,New Zealand,15 runs,Wellington,"Jan 19, 2018",ODI # 3957
Australia,England,England,4 wickets,Brisbane,"Jan 19, 2018",ODI # 3958
Bangladesh,Sri Lanka,Bangladesh,163 runs,Mirpur,"Jan 19, 2018",ODI # 3959
Australia,England,England,16 runs,Sydney,"Jan 21, 2018",ODI # 3960
U.A.E.,Scotland,Scotland,31 runs,ICCA Dubai,"Jan 21, 2018",ODI # 3961
Sri Lanka,Zimbabwe,Sri Lanka,5 wickets,Mirpur,"Jan 21, 2018",ODI # 3962
U.A.E.,Scotland,U.A.E.,4 wickets,ICCA Dubai,"Jan 23, 2018",ODI # 3963
Bangladesh,Zimbabwe,Bangladesh,91 runs,Mirpur,"Jan 23, 2018",ODI # 3964
Bangladesh,Sri Lanka,Sri Lanka,10 wickets,Mirpur,"Jan 25, 2018",ODI # 3965
Australia,England,Australia,3 wickets,Adelaide,"Jan 26, 2018",ODI # 3966
Bangladesh,Sri Lanka,Sri Lanka,79 runs,Mirpur,"Jan 27, 2018",ODI # 3967
Australia,England,England,12 runs,Perth,"Jan 28, 2018",ODI # 3968
South Africa,India,India,6 wickets,Durban,"Feb 1, 2018",ODI # 3969
South Africa,India,India,9 wickets,Centurion,"Feb 4, 2018",ODI # 3970
South Africa,India,India,124 runs,Cape Town,"Feb 7, 2018",ODI # 3971
Afghanistan,Zimbabwe,Afghanistan,154 runs,Sharjah,"Feb 9, 2018",ODI # 3972
South Africa,India,South Africa,5 wickets,Johannesburg,"Feb 10, 2018",ODI # 3973
Afghanistan,Zimbabwe,Zimbabwe,154 runs,Sharjah,"Feb 11, 2018",ODI # 3974
Afghanistan,Zimbabwe,Afghanistan,6 wickets,Sharjah,"Feb 13, 2018",ODI # 3975
South Africa,India,India,73 runs,Gqeberha,"Feb 13, 2018",ODI # 3976
Afghanistan,Zimbabwe,Afghanistan,10 wickets,Sharjah,"Feb 16, 2018",ODI # 3977
South Africa,India,India,8 wickets,Centurion,"Feb 16, 2018",ODI # 3978
Afghanistan,Zimbabwe,Afghanistan,146 runs,Sharjah,"Feb 19, 2018",ODI # 3979
New Zealand,England,New Zealand,3 wickets,Hamilton,"Feb 25, 2018",ODI # 3980
New Zealand,England,England,6 wickets,Mount Maunganui,"Feb 28, 2018",ODI # 3981
New Zealand,England,England,4 runs,Wellington,"Mar 3, 2018",ODI # 3982
Afghanistan,Scotland,Scotland,7 wickets,Bulawayo,"Mar 4, 2018",ODI # 3983
P.N.G.,U.A.E.,U.A.E.,56 runs,Harare,"Mar 4, 2018",ODI # 3984
Hong Kong,Scotland,Scotland,4 wickets,Bulawayo,"Mar 6, 2018",ODI # 3985
Ireland,P.N.G.,Ireland,4 wickets,Harare,"Mar 6, 2018",ODI # 3986
U.A.E.,West Indies,West Indies,60 runs,Harare,"Mar 6, 2018",ODI # 3987
Zimbabwe,Afghanistan,Zimbabwe,2 runs,Bulawayo,"Mar 6, 2018",ODI # 3988
New Zealand,England,New Zealand,5 wickets,Dunedin,"Mar 7, 2018",ODI # 3989
Afghanistan,Hong Kong,Hong Kong,30 runs,Bulawayo,"Mar 8, 2018",ODI # 3990
P.N.G.,West Indies,West Indies,6 wickets,Harare,"Mar 8, 2018",ODI # 3991
New Zealand,England,England,7 wickets,Christchurch,"Mar 10, 2018",ODI # 3992
Ireland,West Indies,West Indies,52 runs,Harare,"Mar 10, 2018",ODI # 3993
Zimbabwe,Hong Kong,Zimbabwe,89 runs,Bulawayo,"Mar 10, 2018",ODI # 3994
Ireland,U.A.E.,Ireland,226 runs,Harare,"Mar 12, 2018",ODI # 3995
Zimbabwe,Scotland,tied,,Bulawayo,"Mar 12, 2018",ODI # 3996
Afghanistan,West Indies,Afghanistan,3 wickets,Harare,"Mar 15, 2018",ODI # 3997
Scotland,U.A.E.,Scotland,73 runs,Bulawayo,"Mar 15, 2018",ODI # 3998
Zimbabwe,Ireland,Zimbabwe,107 runs,Harare,"Mar 16, 2018",ODI # 3999
Hong Kong,P.N.G.,P.N.G.,58 runs,Harare,"Mar 17, 2018",ODI # 4000
Ireland,Scotland,Ireland,25 runs,Harare,"Mar 18, 2018",ODI # 4001
Zimbabwe,West Indies,West Indies,4 wickets,Harare,"Mar 19, 2018",ODI # 4002
Afghanistan,U.A.E.,Afghanistan,5 wickets,Harare,"Mar 20, 2018",ODI # 4003
Scotland,West Indies,West Indies,5 runs,Harare,"Mar 21, 2018",ODI # 4004
Zimbabwe,U.A.E.,U.A.E.,3 runs,Harare,"Mar 22, 2018",ODI # 4005
Afghanistan,Ireland,Afghanistan,5 wickets,Harare,"Mar 23, 2018",ODI # 4006
Afghanistan,West Indies,Afghanistan,7 wickets,Harare,"Mar 25, 2018",ODI # 4007
Scotland,England,Scotland,6 runs,Edinburgh,"Jun 10, 2018",ODI # 4008
England,Australia,England,3 wickets,The Oval,"Jun 13, 2018",ODI # 4009
England,Australia,England,38 runs,Cardiff,"Jun 16, 2018",ODI # 4010
England,Australia,England,242 runs,Nottingham,"Jun 19, 2018",ODI # 4011
England,Australia,England,6 wickets,Chester-le-Street,"Jun 21, 2018",ODI # 4012
England,Australia,England,1 wicket,Manchester,"Jun 24, 2018",ODI # 4013
England,India,India,8 wickets,Nottingham,"Jul 12, 2018",ODI # 4014
Zimbabwe,Pakistan,Pakistan,201 runs,Bulawayo,"Jul 13, 2018",ODI # 4015
England,India,England,86 runs,Lord's,"Jul 14, 2018",ODI # 4016
Zimbabwe,Pakistan,Pakistan,9 wickets,Bulawayo,"Jul 16, 2018",ODI # 4017
England,India,England,8 wickets,Leeds,"Jul 17, 2018",ODI # 4018
Zimbabwe,Pakistan,Pakistan,9 wickets,Bulawayo,"Jul 18, 2018",ODI # 4019
Zimbabwe,Pakistan,Pakistan,244 runs,Bulawayo,"Jul 20, 2018",ODI # 4020
Zimbabwe,Pakistan,Pakistan,131 runs,Bulawayo,"Jul 22, 2018",ODI # 4021
West Indies,Bangladesh,Bangladesh,48 runs,Providence,"Jul 22, 2018",ODI # 4022
West Indies,Bangladesh,West Indies,3 runs,Providence,"Jul 25, 2018",ODI # 4023
West Indies,Bangladesh,Bangladesh,18 runs,Basseterre,"Jul 28, 2018",ODI # 4024
Sri Lanka,South Africa,South Africa,5 wickets,Dambulla,"Jul 29, 2018",ODI # 4025
Netherlands,Nepal,Netherlands,55 runs,Amstelveen,"Aug 1, 2018",ODI # 4026
Sri Lanka,South Africa,South Africa,4 wickets,Dambulla,"Aug 1, 2018",ODI # 4027
Netherlands,Nepal,Nepal,1 run,Amstelveen,"Aug 3, 2018",ODI # 4028
Sri Lanka,South Africa,South Africa,78 runs,Pallekele,"Aug 5, 2018",ODI # 4029
Sri Lanka,South Africa,Sri Lanka,3 runs,Pallekele,"Aug 8, 2018",ODI # 4030
Sri Lanka,South Africa,Sri Lanka,178 runs,Colombo (RPS),"Aug 12, 2018",ODI # 4031
Ireland,Afghanistan,Afghanistan,29 runs,Belfast,"Aug 27, 2018",ODI # 4032
Ireland,Afghanistan,Ireland,3 wickets,Belfast,"Aug 29, 2018",ODI # 4033
Nepal,U.A.E.,U.A.E.,78 runs,Kuala Lumpur,"Aug 30, 2018",ODI # 4034
Ireland,Afghanistan,Afghanistan,8 wickets,Belfast,"Aug 31, 2018",ODI # 4035
Bangladesh,Sri Lanka,Bangladesh,137 runs,Dubai (DSC),"Sep 15, 2018",ODI # 4036
Hong Kong,Pakistan,Pakistan,8 wickets,Dubai (DSC),"Sep 16, 2018",ODI # 4037
Afghanistan,Sri Lanka,Afghanistan,91 runs,Abu Dhabi,"Sep 17, 2018",ODI # 4038
Hong Kong,India,India,26 runs,Dubai (DSC),"Sep 18, 2018",ODI # 4039
India,Pakistan,India,8 wickets,Dubai (DSC),"Sep 19, 2018",ODI # 4040
Afghanistan,Bangladesh,Afghanistan,136 runs,Abu Dhabi,"Sep 20, 2018",ODI # 4041
Bangladesh,India,India,7 wickets,Dubai (DSC),"Sep 21, 2018",ODI # 4042
Afghanistan,Pakistan,Pakistan,3 wickets,Abu Dhabi,"Sep 21, 2018",ODI # 4043
India,Pakistan,India,9 wickets,Dubai (DSC),"Sep 23, 2018",ODI # 4044
Afghanistan,Bangladesh,Bangladesh,3 runs,Abu Dhabi,"Sep 23, 2018",ODI # 4045
Afghanistan,India,tied,,Dubai (DSC),"Sep 25, 2018",ODI # 4046
Bangladesh,Pakistan,Bangladesh,37 runs,Abu Dhabi,"Sep 26, 2018",ODI # 4047
Bangladesh,India,India,3 wickets,Dubai (DSC),"Sep 28, 2018",ODI # 4048
South Africa,Zimbabwe,South Africa,5 wickets,Kimberley,"Sep 30, 2018",ODI # 4049
South Africa,Zimbabwe,South Africa,120 runs,Bloemfontein,"Oct 3, 2018",ODI # 4050
South Africa,Zimbabwe,South Africa,4 wickets,Paarl,"Oct 6, 2018",ODI # 4051
Sri Lanka,England,no result,,Dambulla,"Oct 10, 2018",ODI # 4052
Sri Lanka,England,England,31 runs,Dambulla,"Oct 13, 2018",ODI # 4053
Sri Lanka,England,England,7 wickets,Pallekele,"Oct 17, 2018",ODI # 4054
Sri Lanka,England,England,18 runs,Pallekele,"Oct 20, 2018",ODI # 4055
India,West Indies,India,8 wickets,Guwahati,"Oct 21, 2018",ODI # 4056
Bangladesh,Zimbabwe,Bangladesh,28 runs,Mirpur,"Oct 21, 2018",ODI # 4057
Sri Lanka,England,Sri Lanka,219 runs,Colombo (RPS),"Oct 23, 2018",ODI # 4058
India,West Indies,tied,,Visakhapatnam,"Oct 24, 2018",ODI # 4059
Bangladesh,Zimbabwe,Bangladesh,7 wickets,Chattogram,"Oct 24, 2018",ODI # 4060
Bangladesh,Zimbabwe,Bangladesh,7 wickets,Chattogram,"Oct 26, 2018",ODI # 4061
India,West Indies,West Indies,43 runs,Pune,"Oct 27, 2018",ODI # 4062
India,West Indies,India,224 runs,Brabourne,"Oct 29, 2018",ODI # 4063
India,West Indies,India,9 wickets,Thiruvananthapuram,"Nov 1, 2018",ODI # 4064
Australia,South Africa,South Africa,6 wickets,Perth,"Nov 4, 2018",ODI # 4065
New Zealand,Pakistan,New Zealand,47 runs,Abu Dhabi,"Nov 7, 2018",ODI # 4066
Australia,South Africa,Australia,7 runs,Adelaide,"Nov 9, 2018",ODI # 4067
New Zealand,Pakistan,Pakistan,6 wickets,Abu Dhabi,"Nov 9, 2018",ODI # 4068
Australia,South Africa,South Africa,40 runs,Hobart,"Nov 11, 2018",ODI # 4069
New Zealand,Pakistan,no result,,Dubai (DSC),"Nov 11, 2018",ODI # 4070
Bangladesh,West Indies,Bangladesh,5 wickets,Mirpur,"Dec 9, 2018",ODI # 4071
Bangladesh,West Indies,West Indies,4 wickets,Mirpur,"Dec 11, 2018",ODI # 4072
Bangladesh,West Indies,Bangladesh,8 wickets,Sylhet,"Dec 14, 2018",ODI # 4073
New Zealand,Sri Lanka,New Zealand,45 runs,Mount Maunganui,"Jan 3, 2019",ODI # 4074
New Zealand,Sri Lanka,New Zealand,21 runs,Mount Maunganui,"Jan 5, 2019",ODI # 4075
New Zealand,Sri Lanka,New Zealand,115 runs,Nelson,"Jan 8, 2019",ODI # 4076
Australia,India,Australia,34 runs,Sydney,"Jan 12, 2019",ODI # 4077
Australia,India,India,6 wickets,Adelaide,"Jan 15, 2019",ODI # 4078
Australia,India,India,7 wickets,Melbourne,"Jan 18, 2019",ODI # 4079
South Africa,Pakistan,Pakistan,5 wickets,Gqeberha,"Jan 19, 2019",ODI # 4080
South Africa,Pakistan,South Africa,5 wickets,Durban,"Jan 22, 2019",ODI # 4081
New Zealand,India,India,8 wickets,Napier,"Jan 23, 2019",ODI # 4082
U.A.E.,Nepal,U.A.E.,3 wickets,ICCA Dubai,"Jan 25, 2019",ODI # 4083
South Africa,Pakistan,South Africa,13 runs,Centurion,"Jan 25, 2019",ODI # 4084
New Zealand,India,India,90 runs,Mount Maunganui,"Jan 26, 2019",ODI # 4085
U.A.E.,Nepal,Nepal,145 runs,ICCA Dubai,"Jan 26, 2019",ODI # 4086
South Africa,Pakistan,Pakistan,8 wickets,Johannesburg,"Jan 27, 2019",ODI # 4087
New Zealand,India,India,7 wickets,Mount Maunganui,"Jan 28, 2019",ODI # 4088
U.A.E.,Nepal,Nepal,4 wickets,ICCA Dubai,"Jan 28, 2019",ODI # 4089
South Africa,Pakistan,South Africa,7 wickets,Cape Town,"Jan 30, 2019",ODI # 4090
New Zealand,India,New Zealand,8 wickets,Hamilton,"Jan 31, 2019",ODI # 4091
New Zealand,India,India,35 runs,Wellington,"Feb 3, 2019",ODI # 4092
New Zealand,Bangladesh,New Zealand,8 wickets,Napier,"Feb 13, 2019",ODI # 4093
New Zealand,Bangladesh,New Zealand,8 wickets,Christchurch,"Feb 16, 2019",ODI # 4094
New Zealand,Bangladesh,New Zealand,88 runs,Dunedin,"Feb 20, 2019",ODI # 4095
West Indies,England,England,6 wickets,Bridgetown,"Feb 20, 2019",ODI # 4096
West Indies,England,West Indies,26 runs,Bridgetown,"Feb 22, 2019",ODI # 4097
West Indies,England,no result,,St George's,"Feb 25, 2019",ODI # 4098
West Indies,England,England,29 runs,St George's,"Feb 27, 2019",ODI # 4099
Afghanistan,Ireland,Afghanistan,5 wickets,Dehradun,"Feb 28, 2019",ODI # 4100
Afghanistan,Ireland,no result,,Dehradun,"Mar 2, 2019",ODI # 4101
India,Australia,India,6 wickets,Hyderabad,"Mar 2, 2019",ODI # 4102
West Indies,England,West Indies,7 wickets,Gros Islet,"Mar 2, 2019",ODI # 4103
South Africa,Sri Lanka,South Africa,8 wickets,Johannesburg,"Mar 3, 2019",ODI # 4104
Afghanistan,Ireland,Ireland,4 wickets,Dehradun,"Mar 5, 2019",ODI # 4105
India,Australia,India,8 runs,Nagpur,"Mar 5, 2019",ODI # 4106
South Africa,Sri Lanka,South Africa,113 runs,Centurion,"Mar 6, 2019",ODI # 4107
Afghanistan,Ireland,Afghanistan,109 runs,Dehradun,"Mar 8, 2019",ODI # 4108
India,Australia,Australia,32 runs,Ranchi,"Mar 8, 2019",ODI # 4109
Afghanistan,Ireland,Ireland,5 wickets,Dehradun,"Mar 10, 2019",ODI # 4110
India,Australia,Australia,4 wickets,Mohali,"Mar 10, 2019",ODI # 4111
South Africa,Sri Lanka,South Africa,71 runs,Durban,"Mar 10, 2019",ODI # 4112
India,Australia,Australia,35 runs,Delhi,"Mar 13, 2019",ODI # 4113
South Africa,Sri Lanka,South Africa,6 wickets,Gqeberha,"Mar 13, 2019",ODI # 4114
South Africa,Sri Lanka,South Africa,41 runs,Cape Town,"Mar 16, 2019",ODI # 4115
Australia,Pakistan,Australia,8 wickets,Sharjah,"Mar 22, 2019",ODI # 4116
Australia,Pakistan,Australia,8 wickets,Sharjah,"Mar 24, 2019",ODI # 4117
Australia,Pakistan,Australia,80 runs,Abu Dhabi,"Mar 27, 2019",ODI # 4118
Australia,Pakistan,Australia,6 runs,Dubai (DSC),"Mar 29, 2019",ODI # 4119
Australia,Pakistan,Australia,20 runs,Dubai (DSC),"Mar 31, 2019",ODI # 4120
Zimbabwe,U.A.E.,Zimbabwe,7 wickets,Harare,"Apr 10, 2019",ODI # 4121
Zimbabwe,U.A.E.,Zimbabwe,4 runs,Harare,"Apr 12, 2019",ODI # 4122
Zimbabwe,U.A.E.,Zimbabwe,131 runs,Harare,"Apr 14, 2019",ODI # 4123
Zimbabwe,U.A.E.,Zimbabwe,3 wickets,Harare,"Apr 16, 2019",ODI # 4124
Namibia,Oman,Namibia,145 runs,Windhoek,"Apr 27, 2019",ODI # 4125
P.N.G.,U.S.A.,P.N.G.,5 wickets,Windhoek,"Apr 27, 2019",ODI # 4126
Ireland,England,England,4 wickets,Dublin (Malahide),"May 3, 2019",ODI # 4127
Ireland,West Indies,West Indies,196 runs,Dublin,"May 5, 2019",ODI # 4128
Bangladesh,West Indies,Bangladesh,8 wickets,Dublin,"May 7, 2019",ODI # 4129
England,Pakistan,no result,,The Oval,"May 8, 2019",ODI # 4130
Scotland,Afghanistan,Afghanistan,2 runs,Edinburgh,"May 10, 2019",ODI # 4131
Ireland,West Indies,West Indies,5 wickets,Dublin (Malahide),"May 11, 2019",ODI # 4132
England,Pakistan,England,12 runs,Southampton,"May 11, 2019",ODI # 4133
Bangladesh,West Indies,Bangladesh,5 wickets,Dublin (Malahide),"May 13, 2019",ODI # 4134
England,Pakistan,England,6 wickets,Bristol,"May 14, 2019",ODI # 4135
Ireland,Bangladesh,Bangladesh,6 wickets,Dublin,"May 15, 2019",ODI # 4136
Bangladesh,West Indies,Bangladesh,5 wickets,Dublin (Malahide),"May 17, 2019",ODI # 4137
England,Pakistan,England,3 wickets,Nottingham,"May 17, 2019",ODI # 4138
Ireland,Afghanistan,Ireland,72 runs,Belfast,"May 19, 2019",ODI # 4139
England,Pakistan,England,54 runs,Leeds,"May 19, 2019",ODI # 4140
Ireland,Afghanistan,Afghanistan,126 runs,Belfast,"May 21, 2019",ODI # 4141
Scotland,Sri Lanka,Sri Lanka,35 runs,Edinburgh,"May 21, 2019",ODI # 4142
England,South Africa,England,104 runs,The Oval,"May 30, 2019",ODI # 4143
Pakistan,West Indies,West Indies,7 wickets,Nottingham,"May 31, 2019",ODI # 4144
New Zealand,Sri Lanka,New Zealand,10 wickets,Cardiff,"Jun 1, 2019",ODI # 4145
Afghanistan,Australia,Australia,7 wickets,Bristol,"Jun 1, 2019",ODI # 4146
Bangladesh,South Africa,Bangladesh,21 runs,The Oval,"Jun 2, 2019",ODI # 4147
England,Pakistan,Pakistan,14 runs,Nottingham,"Jun 3, 2019",ODI # 4148
Afghanistan,Sri Lanka,Sri Lanka,34 runs,Cardiff,"Jun 4, 2019",ODI # 4149
India,South Africa,India,6 wickets,Southampton,"Jun 5, 2019",ODI # 4150
Bangladesh,New Zealand,New Zealand,2 wickets,The Oval,"Jun 5, 2019",ODI # 4151
Australia,West Indies,Australia,15 runs,Nottingham,"Jun 6, 2019",ODI # 4152
England,Bangladesh,England,106 runs,Cardiff,"Jun 8, 2019",ODI # 4153
Afghanistan,New Zealand,New Zealand,7 wickets,Taunton,"Jun 8, 2019",ODI # 4154
Australia,India,India,36 runs,The Oval,"Jun 9, 2019",ODI # 4155
South Africa,West Indies,no result,,Southampton,"Jun 10, 2019",ODI # 4156
Australia,Pakistan,Australia,41 runs,Taunton,"Jun 12, 2019",ODI # 4157
England,West Indies,England,8 wickets,Southampton,"Jun 14, 2019",ODI # 4158
Australia,Sri Lanka,Australia,87 runs,The Oval,"Jun 15, 2019",ODI # 4159
Afghanistan,South Africa,South Africa,9 wickets,Cardiff,"Jun 15, 2019",ODI # 4160
India,Pakistan,India,89 runs,Manchester,"Jun 16, 2019",ODI # 4161
Bangladesh,West Indies,Bangladesh,7 wickets,Taunton,"Jun 17, 2019",ODI # 4162
England,Afghanistan,England,150 runs,Manchester,"Jun 18, 2019",ODI # 4163
Netherlands,Zimbabwe,Netherlands,7 wickets,Deventer,"Jun 19, 2019",ODI # 4164
New Zealand,South Africa,New Zealand,4 wickets,Birmingham,"Jun 19, 2019",ODI # 4165
Australia,Bangladesh,Australia,48 runs,Nottingham,"Jun 20, 2019",ODI # 4166
Netherlands,Zimbabwe,Netherlands,3 wickets,Deventer,"Jun 21, 2019",ODI # 4167
England,Sri Lanka,Sri Lanka,20 runs,Leeds,"Jun 21, 2019",ODI # 4168
Afghanistan,India,India,11 runs,Southampton,"Jun 22, 2019",ODI # 4169
New Zealand,West Indies,New Zealand,5 runs,Manchester,"Jun 22, 2019",ODI # 4170
Pakistan,South Africa,Pakistan,49 runs,Lord's,"Jun 23, 2019",ODI # 4171
Afghanistan,Bangladesh,Bangladesh,62 runs,Southampton,"Jun 24, 2019",ODI # 4172
England,Australia,Australia,64 runs,Lord's,"Jun 25, 2019",ODI # 4173
New Zealand,Pakistan,Pakistan,6 wickets,Birmingham,"Jun 26, 2019",ODI # 4174
India,West Indies,India,125 runs,Manchester,"Jun 27, 2019",ODI # 4175
South Africa,Sri Lanka,South Africa,9 wickets,Chester-le-Street,"Jun 28, 2019",ODI # 4176
Afghanistan,Pakistan,Pakistan,3 wickets,Leeds,"Jun 29, 2019",ODI # 4177
Australia,New Zealand,Australia,86 runs,Lord's,"Jun 29, 2019",ODI # 4178
England,India,England,31 runs,Birmingham,"Jun 30, 2019",ODI # 4179
Sri Lanka,West Indies,Sri Lanka,23 runs,Chester-le-Street,"Jul 1, 2019",ODI # 4180
Ireland,Zimbabwe,Ireland,4 wickets,Bready,"Jul 1, 2019",ODI # 4181
Bangladesh,India,India,28 runs,Birmingham,"Jul 2, 2019",ODI # 4182
England,New Zealand,England,119 runs,Chester-le-Street,"Jul 3, 2019",ODI # 4183
Afghanistan,West Indies,West Indies,23 runs,Leeds,"Jul 4, 2019",ODI # 4184
Ireland,Zimbabwe,Ireland,5 runs,Belfast,"Jul 4, 2019",ODI # 4185
Bangladesh,Pakistan,Pakistan,94 runs,Lord's,"Jul 5, 2019",ODI # 4186
India,Sri Lanka,India,7 wickets,Leeds,"Jul 6, 2019",ODI # 4187
Australia,South Africa,South Africa,10 runs,Manchester,"Jul 6, 2019",ODI # 4188
Ireland,Zimbabwe,Ireland,6 wickets,Belfast,"Jul 7, 2019",ODI # 4189
India,New Zealand,New Zealand,18 runs,Manchester,"Jul 9-10, 2019",ODI # 4190
England,Australia,England,8 wickets,Birmingham,"Jul 11, 2019",ODI # 4191
England,New Zealand,tied,,Lord's,"Jul 14, 2019",ODI # 4192
Sri Lanka,Bangladesh,Sri Lanka,91 runs,Colombo (RPS),"Jul 26, 2019",ODI # 4193
Sri Lanka,Bangladesh,Sri Lanka,7 wickets,Colombo (RPS),"Jul 28, 2019",ODI # 4194
Sri Lanka,Bangladesh,Sri Lanka,122 runs,Colombo (RPS),"Jul 31, 2019",ODI # 4195
West Indies,India,no result,,Providence,"Aug 8, 2019",ODI # 4196
West Indies,India,India,59 runs,Port of Spain,"Aug 11, 2019",ODI # 4197
Oman,P.N.G.,Oman,4 wickets,Aberdeen,"Aug 14, 2019",ODI # 4198
West Indies,India,India,6 wickets,Port of Spain,"Aug 14, 2019",ODI # 4199
Scotland,Oman,Oman,8 wickets,Aberdeen,"Aug 15, 2019",ODI # 4200
Scotland,P.N.G.,Scotland,3 wickets,Aberdeen,"Aug 17, 2019",ODI # 4201
Scotland,Oman,Scotland,85 runs,Aberdeen,"Aug 18, 2019",ODI # 4202
Scotland,P.N.G.,Scotland,38 runs,Aberdeen,"Aug 20, 2019",ODI # 4203
Oman,P.N.G.,Oman,4 wickets,Aberdeen,"Aug 21, 2019",ODI # 4204
U.S.A.,P.N.G.,U.S.A.,5 runs,Lauderhill,"Sep 13, 2019",ODI # 4205
U.S.A.,Namibia,U.S.A.,5 wickets,Lauderhill,"Sep 17, 2019",ODI # 4206
U.S.A.,P.N.G.,U.S.A.,62 runs,Lauderhill,"Sep 19, 2019",ODI # 4207
U.S.A.,Namibia,Namibia,139 runs,Lauderhill,"Sep 20, 2019",ODI # 4208
Namibia,P.N.G.,Namibia,4 wickets,Lauderhill,"Sep 22, 2019",ODI # 4209
Namibia,P.N.G.,Namibia,27 runs,Lauderhill,"Sep 23, 2019",ODI # 4210
Pakistan,Sri Lanka,Pakistan,67 runs,Karachi,"Sep 30, 2019",ODI # 4211
Pakistan,Sri Lanka,Pakistan,5 wickets,Karachi,"Oct 2, 2019",ODI # 4212
Afghanistan,West Indies,West Indies,7 wickets,Lucknow,"Nov 6, 2019",ODI # 4213
Afghanistan,West Indies,West Indies,47 runs,Lucknow,"Nov 9, 2019",ODI # 4214
Afghanistan,West Indies,West Indies,5 wickets,Lucknow,"Nov 11, 2019",ODI # 4215
U.A.E.,U.S.A.,U.S.A.,3 wickets,Sharjah,"Dec 8, 2019",ODI # 4216
Scotland,U.S.A.,U.S.A.,35 runs,Sharjah,"Dec 9, 2019",ODI # 4217
U.A.E.,U.S.A.,U.S.A.,98 runs,ICCA Dubai,"Dec 12, 2019",ODI # 4218
Scotland,U.S.A.,Scotland,4 wickets,ICCA Dubai,"Dec 14, 2019",ODI # 4219
U.A.E.,Scotland,U.A.E.,7 wickets,ICCA Dubai,"Dec 15, 2019",ODI # 4220
India,West Indies,West Indies,8 wickets,Chennai,"Dec 15, 2019",ODI # 4221
India,West Indies,India,107 runs,Visakhapatnam,"Dec 18, 2019",ODI # 4222
India,West Indies,India,4 wickets,Cuttack,"Dec 22, 2019",ODI # 4223
Oman,U.A.E.,Oman,5 wickets,Al Amerat,"Jan 5, 2020",ODI # 4224
Namibia,U.A.E.,U.A.E.,8 runs,Al Amerat,"Jan 6, 2020",ODI # 4225
West Indies,Ireland,West Indies,5 wickets,Bridgetown,"Jan 7, 2020",ODI # 4226
Oman,Namibia,Namibia,52 runs,Al Amerat,"Jan 8, 2020",ODI # 4227
Namibia,U.A.E.,U.A.E.,8 wickets,Al Amerat,"Jan 9, 2020",ODI # 4228
West Indies,Ireland,West Indies,1 wicket,Bridgetown,"Jan 9, 2020",ODI # 4229
West Indies,Ireland,West Indies,5 wickets,St George's,"Jan 12, 2020",ODI # 4230
India,Australia,Australia,10 wickets,Wankhede,"Jan 14, 2020",ODI # 4231
India,Australia,India,36 runs,Rajkot,"Jan 17, 2020",ODI # 4232
India,Australia,India,7 wickets,Bengaluru,"Jan 19, 2020",ODI # 4233
South Africa,England,South Africa,7 wickets,Cape Town,"Feb 4, 2020",ODI # 4234
New Zealand,India,New Zealand,4 wickets,Hamilton,"Feb 5, 2020",ODI # 4235
Nepal,Oman,Oman,18 runs,Kirtipur,"Feb 5, 2020",ODI # 4236
Oman,U.S.A.,Oman,6 wickets,Kirtipur,"Feb 6, 2020",ODI # 4237
South Africa,England,no result,,Durban,"Feb 7, 2020",ODI # 4238
New Zealand,India,New Zealand,22 runs,Auckland,"Feb 8, 2020",ODI # 4239
Nepal,U.S.A.,Nepal,35 runs,Kirtipur,"Feb 8, 2020",ODI # 4240
Nepal,Oman,Oman,8 wickets,Kirtipur,"Feb 9, 2020",ODI # 4241
South Africa,England,England,2 wickets,Johannesburg,"Feb 9, 2020",ODI # 4242
New Zealand,India,New Zealand,5 wickets,Mount Maunganui,"Feb 11, 2020",ODI # 4243
Oman,U.S.A.,Oman,92 runs,Kirtipur,"Feb 11, 2020",ODI # 4244
Nepal,U.S.A.,Nepal,8 wickets,Kirtipur,"Feb 12, 2020",ODI # 4245
Sri Lanka,West Indies,Sri Lanka,1 wicket,Colombo (SSC),"Feb 22, 2020",ODI # 4246
Sri Lanka,West Indies,Sri Lanka,161 runs,Hambantota,"Feb 26, 2020",ODI # 4247
South Africa,Australia,South Africa,74 runs,Paarl,"Feb 29, 2020",ODI # 4248
Bangladesh,Zimbabwe,Bangladesh,169 runs,Sylhet,"Mar 1, 2020",ODI # 4249
Sri Lanka,West Indies,Sri Lanka,6 runs,Pallekele,"Mar 1, 2020",ODI # 4250
Bangladesh,Zimbabwe,Bangladesh,4 runs,Sylhet,"Mar 3, 2020",ODI # 4251
South Africa,Australia,South Africa,6 wickets,Bloemfontein,"Mar 4, 2020",ODI # 4252
Bangladesh,Zimbabwe,Bangladesh,123 runs,Sylhet,"Mar 6, 2020",ODI # 4253
South Africa,Australia,South Africa,6 wickets,Potchefstroom,"Mar 7, 2020",ODI # 4254
Australia,New Zealand,Australia,71 runs,Sydney,"Mar 13, 2020",ODI # 4255
England,Ireland,England,6 wickets,Southampton,"Jul 30, 2020",ODI # 4256
England,Ireland,England,4 wickets,Southampton,"Aug 1, 2020",ODI # 4257
England,Ireland,Ireland,7 wickets,Southampton,"Aug 4, 2020",ODI # 4258
England,Australia,Australia,19 runs,Manchester,"Sep 11, 2020",ODI # 4259
England,Australia,England,24 runs,Manchester,"Sep 13, 2020",ODI # 4260
England,Australia,Australia,3 wickets,Manchester,"Sep 16, 2020",ODI # 4261
Pakistan,Zimbabwe,Pakistan,26 runs,Rawalpindi,"Oct 30, 2020",ODI # 4262
Pakistan,Zimbabwe,Pakistan,6 wickets,Rawalpindi,"Nov 1, 2020",ODI # 4263
Pakistan,Zimbabwe,tied,,Rawalpindi,"Nov 3, 2020",ODI # 4264
Australia,India,Australia,66 runs,Sydney,"Nov 27, 2020",ODI # 4265
Australia,India,Australia,51 runs,Sydney,"Nov 29, 2020",ODI # 4266
Australia,India,India,13 runs,Canberra,"Dec 2, 2020",ODI # 4267
U.A.E.,Ireland,U.A.E.,6 wickets,Abu Dhabi,"Jan 8, 2021",ODI # 4268
U.A.E.,Ireland,Ireland,112 runs,Abu Dhabi,"Jan 18, 2021",ODI # 4269
Bangladesh,West Indies,Bangladesh,6 wickets,Mirpur,"Jan 20, 2021",ODI # 4270
Afghanistan,Ireland,Afghanistan,16 runs,Abu Dhabi,"Jan 21, 2021",ODI # 4271
Bangladesh,West Indies,Bangladesh,7 wickets,Mirpur,"Jan 22, 2021",ODI # 4272
Afghanistan,Ireland,Afghanistan,7 wickets,Abu Dhabi,"Jan 24, 2021",ODI # 4273
Bangladesh,West Indies,Bangladesh,120 runs,Chattogram,"Jan 25, 2021",ODI # 4274
Afghanistan,Ireland,Afghanistan,36 runs,Abu Dhabi,"Jan 26, 2021",ODI # 4275
West Indies,Sri Lanka,West Indies,8 wickets,North Sound,"Mar 10, 2021",ODI # 4276
West Indies,Sri Lanka,West Indies,5 wickets,North Sound,"Mar 12, 2021",ODI # 4277
West Indies,Sri Lanka,West Indies,5 wickets,North Sound,"Mar 14, 2021",ODI # 4278
New Zealand,Bangladesh,New Zealand,8 wickets,Dunedin,"Mar 20, 2021",ODI # 4279
New Zealand,Bangladesh,New Zealand,5 wickets,Christchurch,"Mar 23, 2021",ODI # 4280
India,England,India,66 runs,Pune,"Mar 23, 2021",ODI # 4281
New Zealand,Bangladesh,New Zealand,164 runs,Wellington,"Mar 26, 2021",ODI # 4282
India,England,England,6 wickets,Pune,"Mar 26, 2021",ODI # 4283
India,England,India,7 runs,Pune,"Mar 28, 2021",ODI # 4284
South Africa,Pakistan,Pakistan,3 wickets,Centurion,"Apr 2, 2021",ODI # 4285
South Africa,Pakistan,South Africa,17 runs,Johannesburg,"Apr 4, 2021",ODI # 4286
South Africa,Pakistan,Pakistan,28 runs,Centurion,"Apr 7, 2021",ODI # 4287
Netherlands,Scotland,Netherlands,14 runs,Rotterdam,"May 19, 2021",ODI # 4288
Netherlands,Scotland,Scotland,6 wickets,Rotterdam,"May 20, 2021",ODI # 4289
Bangladesh,Sri Lanka,Bangladesh,33 runs,Mirpur,"May 23, 2021",ODI # 4290
Bangladesh,Sri Lanka,Bangladesh,103 runs,Mirpur,"May 25, 2021",ODI # 4291
Bangladesh,Sri Lanka,Sri Lanka,97 runs,Mirpur,"May 28, 2021",ODI # 4292
Netherlands,Ireland,Netherlands,1 run,Utrecht,"Jun 2, 2021",ODI # 4293
Netherlands,Ireland,Ireland,8 wickets,Utrecht,"Jun 4, 2021",ODI # 4294
Netherlands,Ireland,Netherlands,4 wickets,Utrecht,"Jun 7, 2021",ODI # 4295
England,Sri Lanka,England,5 wickets,Chester-le-Street,"Jun 29, 2021",ODI # 4296
England,Sri Lanka,England,8 wickets,The Oval,"Jul 1, 2021",ODI # 4297
England,Sri Lanka,no result,,Bristol,"Jul 4, 2021",ODI # 4298
England,Pakistan,England,9 wickets,Cardiff,"Jul 8, 2021",ODI # 4299
England,Pakistan,England,52 runs,Lord's,"Jul 10, 2021",ODI # 4300
Ireland,South Africa,no result,,Dublin (Malahide),"Jul 11, 2021",ODI # 4301
Ireland,South Africa,Ireland,43 runs,Dublin (Malahide),"Jul 13, 2021",ODI # 4302
England,Pakistan,England,3 wickets,Birmingham,"Jul 13, 2021",ODI # 4303
Zimbabwe,Bangladesh,Bangladesh,155 runs,Harare,"Jul 16, 2021",ODI # 4304
Ireland,South Africa,South Africa,70 runs,Dublin (Malahide),"Jul 16, 2021",ODI # 4305
Zimbabwe,Bangladesh,Bangladesh,3 wickets,Harare,"Jul 18, 2021",ODI # 4306
Sri Lanka,India,India,7 wickets,Colombo (RPS),"Jul 18, 2021",ODI # 4307
Zimbabwe,Bangladesh,Bangladesh,5 wickets,Harare,"Jul 20, 2021",ODI # 4308
Sri Lanka,India,India,3 wickets,Colombo (RPS),"Jul 20, 2021",ODI # 4309
West Indies,Australia,Australia,133 runs,Bridgetown,"Jul 20, 2021",ODI # 4310
West Indies,Australia,West Indies,4 wickets,Bridgetown,"Jul 22-24, 2021",ODI # 4311
Sri Lanka,India,Sri Lanka,3 wickets,Colombo (RPS),"Jul 23, 2021",ODI # 4312
West Indies,Australia,Australia,6 wickets,Bridgetown,"Jul 26, 2021",ODI # 4313
Sri Lanka,South Africa,Sri Lanka,14 runs,Colombo (RPS),"Sep 2, 2021",ODI # 4314
Sri Lanka,South Africa,South Africa,67 runs,Colombo (RPS),"Sep 4, 2021",ODI # 4315
P.N.G.,U.S.A.,U.S.A.,7 wickets,Al Amerat,"Sep 6, 2021",ODI # 4316
Nepal,P.N.G.,Nepal,2 wickets,Al Amerat,"Sep 7, 2021",ODI # 4317
Sri Lanka,South Africa,Sri Lanka,78 runs,Colombo (RPS),"Sep 7, 2021",ODI # 4318
Ireland,Zimbabwe,Zimbabwe,38 runs,Belfast,"Sep 8, 2021",ODI # 4319
P.N.G.,U.S.A.,U.S.A.,134 runs,Al Amerat,"Sep 9, 2021",ODI # 4320
Ireland,Zimbabwe,no result,,Belfast,"Sep 10, 2021",ODI # 4321
Nepal,P.N.G.,Nepal,151 runs,Al Amerat,"Sep 10, 2021",ODI # 4322
Ireland,Zimbabwe,Ireland,7 wickets,Belfast,"Sep 13, 2021",ODI # 4323
Nepal,U.S.A.,Nepal,5 wickets,Al Amerat,"Sep 13, 2021",ODI # 4324
Oman,Nepal,Oman,5 wickets,Al Amerat,"Sep 14, 2021",ODI # 4325
Oman,U.S.A.,Oman,4 wickets,Al Amerat,"Sep 16, 2021",ODI # 4326
Nepal,U.S.A.,U.S.A.,6 wickets,Al Amerat,"Sep 17, 2021",ODI # 4327
Oman,Nepal,Nepal,7 wickets,Al Amerat,"Sep 19, 2021",ODI # 4328
Oman,U.S.A.,Oman,72 runs,Al Amerat,"Sep 20, 2021",ODI # 4329
P.N.G.,Scotland,Scotland,6 wickets,Al Amerat,"Sep 25, 2021",ODI # 4330
Oman,P.N.G.,Oman,110 runs,Al Amerat,"Sep 26, 2021",ODI # 4331
Oman,Scotland,Scotland,18 runs,Al Amerat,"Sep 28, 2021",ODI # 4332
P.N.G.,Scotland,Scotland,4 wickets,Al Amerat,"Sep 29, 2021",ODI # 4333
Oman,P.N.G.,Oman,3 wickets,Al Amerat,"Oct 1, 2021",ODI # 4334
Oman,Scotland,no result,,Al Amerat,"Oct 2, 2021",ODI # 4335
Namibia,Oman,Namibia,40 runs,Windhoek,"Nov 26, 2021",ODI # 4336
South Africa,Netherlands,no result,,Centurion,"Nov 26, 2021",ODI # 4337
Namibia,Oman,Oman,9 runs,Windhoek,"Nov 27, 2021",ODI # 4338
West Indies,Ireland,West Indies,24 runs,Kingston,"Jan 8, 2022",ODI # 4339
West Indies,Ireland,Ireland,5 wickets,Kingston,"Jan 13, 2022",ODI # 4340
Sri Lanka,Zimbabwe,Sri Lanka,5 wickets,Pallekele,"Jan 16, 2022",ODI # 4341
West Indies,Ireland,Ireland,2 wickets,Kingston,"Jan 16, 2022",ODI # 4342
Sri Lanka,Zimbabwe,Zimbabwe,22 runs,Pallekele,"Jan 18, 2022",ODI # 4343
South Africa,India,South Africa,31 runs,Paarl,"Jan 19, 2022",ODI # 4344
Afghanistan,Netherlands,Afghanistan,36 runs,Doha,"Jan 21, 2022",ODI # 4345
South Africa,India,South Africa,7 wickets,Paarl,"Jan 21, 2022",ODI # 4346
Sri Lanka,Zimbabwe,Sri Lanka,184 runs,Pallekele,"Jan 21, 2022",ODI # 4347
Afghanistan,Netherlands,Afghanistan,48 runs,Doha,"Jan 23, 2022",ODI # 4348
South Africa,India,South Africa,4 runs,Cape Town,"Jan 23, 2022",ODI # 4349
Afghanistan,Netherlands,Afghanistan,75 runs,Doha,"Jan 25, 2022",ODI # 4350
Oman,U.A.E.,U.A.E.,4 wickets,Al Amerat,"Feb 5, 2022",ODI # 4351
Oman,U.A.E.,U.A.E.,4 wickets,Al Amerat,"Feb 6, 2022",ODI # 4352
India,West Indies,India,6 wickets,Ahmedabad,"Feb 6, 2022",ODI # 4353
Oman,U.A.E.,tied,,Al Amerat,"Feb 8, 2022",ODI # 4354
India,West Indies,India,44 runs,Ahmedabad,"Feb 9, 2022",ODI # 4355
India,West Indies,India,96 runs,Ahmedabad,"Feb 11, 2022",ODI # 4356
Bangladesh,Afghanistan,Bangladesh,4 wickets,Chattogram,"Feb 23, 2022",ODI # 4357
Bangladesh,Afghanistan,Bangladesh,88 runs,Chattogram,"Feb 25, 2022",ODI # 4358
Bangladesh,Afghanistan,Afghanistan,7 wickets,Chattogram,"Feb 28, 2022",ODI # 4359
U.A.E.,Oman,Oman,12 runs,ICCA Dubai,"Mar 5, 2022",ODI # 4360
Namibia,Oman,Namibia,110 runs,ICCA Dubai,"Mar 6, 2022",ODI # 4361
U.A.E.,Namibia,U.A.E.,3 wickets,ICCA Dubai,"Mar 8, 2022",ODI # 4362
U.A.E.,Oman,Oman,8 runs,ICCA Dubai,"Mar 9, 2022",ODI # 4363
Namibia,Oman,Oman,7 wickets,Sharjah,"Mar 11, 2022",ODI # 4364
U.A.E.,Namibia,U.A.E.,43 runs,Sharjah,"Mar 12, 2022",ODI # 4365
Namibia,Oman,Namibia,5 wickets,Dubai (DSC),"Mar 14, 2022",ODI # 4366
U.A.E.,P.N.G.,U.A.E.,7 wickets,Sharjah,"Mar 15, 2022",ODI # 4367
Nepal,P.N.G.,Nepal,2 wickets,Sharjah,"Mar 16, 2022",ODI # 4368
U.A.E.,Nepal,U.A.E.,48 runs,Dubai (DSC),"Mar 18, 2022",ODI # 4369
South Africa,Bangladesh,Bangladesh,38 runs,Centurion,"Mar 18, 2022",ODI # 4370
U.A.E.,P.N.G.,P.N.G.,6 wickets,Dubai (DSC),"Mar 19, 2022",ODI # 4371
South Africa,Bangladesh,South Africa,7 wickets,Johannesburg,"Mar 20, 2022",ODI # 4372
U.A.E.,Nepal,U.A.E.,99 runs,Dubai (DSC),"Mar 21, 2022",ODI # 4373
Nepal,P.N.G.,Nepal,7 wickets,Dubai (DSC),"Mar 22, 2022",ODI # 4374
South Africa,Bangladesh,Bangladesh,9 wickets,Centurion,"Mar 23, 2022",ODI # 4375
Nepal,P.N.G.,P.N.G.,6 runs,Kirtipur,"Mar 25, 2022",ODI # 4376
Nepal,P.N.G.,P.N.G.,3 wickets,Kirtipur,"Mar 26, 2022",ODI # 4377
New Zealand,Netherlands,New Zealand,7 wickets,Mount Maunganui,"Mar 29, 2022",ODI # 4378
Pakistan,Australia,Australia,88 runs,Lahore,"Mar 29, 2022",ODI # 4379
Pakistan,Australia,Pakistan,6 wickets,Lahore,"Mar 31, 2022",ODI # 4380
New Zealand,Netherlands,New Zealand,118 runs,Hamilton,"Apr 2, 2022",ODI # 4381
Pakistan,Australia,Pakistan,9 wickets,Lahore,"Apr 2, 2022",ODI # 4382
New Zealand,Netherlands,New Zealand,115 runs,Hamilton,"Apr 4, 2022",ODI # 4383
P.N.G.,Scotland,Scotland,162 runs,Dubai (DSC),"Apr 9, 2022",ODI # 4384
Oman,Scotland,Scotland,4 runs,Dubai (DSC),"Apr 10, 2022",ODI # 4385
Oman,P.N.G.,Oman,7 wickets,Dubai (DSC),"Apr 12, 2022",ODI # 4386
P.N.G.,Scotland,Scotland,123 runs,Dubai (DSC),"Apr 13, 2022",ODI # 4387
Oman,Scotland,Scotland,2 wickets,Dubai (DSC),"Apr 15, 2022",ODI # 4388
Oman,P.N.G.,Oman,85 runs,Dubai (DSC),"Apr 16, 2022",ODI # 4389
U.S.A.,Scotland,U.S.A.,104 runs,Pearland,"May 28, 2022",ODI # 4390
U.S.A.,Scotland,Scotland,111 runs,Pearland,"May 29, 2022",ODI # 4391
Netherlands,West Indies,West Indies,7 wickets,Amstelveen,"May 31, 2022",ODI # 4392
Scotland,U.A.E.,Scotland,4 wickets,Pearland,"May 31, 2022",ODI # 4393
U.S.A.,U.A.E.,U.S.A.,4 wickets,Pearland,"Jun 1, 2022",ODI # 4394
Netherlands,West Indies,West Indies,5 wickets,Amstelveen,"Jun 2, 2022",ODI # 4395
Scotland,U.A.E.,U.A.E.,5 wickets,Pearland,"Jun 3, 2022",ODI # 4396
Zimbabwe,Afghanistan,Afghanistan,60 runs,Harare,"Jun 4, 2022",ODI # 4397
Netherlands,West Indies,West Indies,20 runs,Amstelveen,"Jun 4, 2022",ODI # 4398
U.S.A.,U.A.E.,U.A.E.,8 wickets,Pearland,"Jun 4, 2022",ODI # 4399
Zimbabwe,Afghanistan,Afghanistan,8 wickets,Harare,"Jun 6, 2022",ODI # 4400
Pakistan,West Indies,Pakistan,5 wickets,Multan,"Jun 8, 2022",ODI # 4401
U.S.A.,Oman,U.S.A.,114 runs,Pearland,"Jun 8, 2022",ODI # 4402
Zimbabwe,Afghanistan,Afghanistan,4 wickets,Harare,"Jun 9, 2022",ODI # 4403
Nepal,Oman,Oman,13 runs,Pearland,"Jun 9, 2022",ODI # 4404
Pakistan,West Indies,Pakistan,120 runs,Multan,"Jun 10, 2022",ODI # 4405
U.S.A.,Nepal,tied,,Pearland,"Jun 11, 2022",ODI # 4406
Pakistan,West Indies,Pakistan,53 runs,Multan,"Jun 12, 2022",ODI # 4407
U.S.A.,Oman,Oman,13 runs,Pearland,"Jun 12, 2022",ODI # 4408
Sri Lanka,Australia,Australia,2 wickets,Pallekele,"Jun 14, 2022",ODI # 4409
Nepal,Oman,Nepal,7 wickets,Pearland,"Jun 14, 2022",ODI # 4410
U.S.A.,Nepal,U.S.A.,39 runs,Pearland,"Jun 15, 2022",ODI # 4411
Sri Lanka,Australia,Sri Lanka,26 runs,Pallekele,"Jun 16, 2022",ODI # 4412
Netherlands,England,England,232 runs,Amstelveen,"Jun 17, 2022",ODI # 4413
Netherlands,England,England,6 wickets,Amstelveen,"Jun 19, 2022",ODI # 4414
Sri Lanka,Australia,Sri Lanka,6 wickets,Colombo (RPS),"Jun 19, 2022",ODI # 4415
Sri Lanka,Australia,Sri Lanka,4 runs,Colombo (RPS),"Jun 21, 2022",ODI # 4416
Netherlands,England,England,8 wickets,Amstelveen,"Jun 22, 2022",ODI # 4417
Sri Lanka,Australia,Australia,4 wickets,Colombo (RPS),"Jun 24, 2022",ODI # 4418
Ireland,New Zealand,New Zealand,1 wicket,Dublin (Malahide),"Jul 10, 2022",ODI # 4419
Scotland,Namibia,Scotland,77 runs,Glasgow,"Jul 10, 2022",ODI # 4420
West Indies,Bangladesh,Bangladesh,6 wickets,Providence,"Jul 10, 2022",ODI # 4421
Namibia,Nepal,Namibia,40 runs,Ayr,"Jul 11, 2022",ODI # 4422
Ireland,New Zealand,New Zealand,3 wickets,Dublin (Malahide),"Jul 12, 2022",ODI # 4423
England,India,India,10 wickets,The Oval,"Jul 12, 2022",ODI # 4424
Scotland,Nepal,Nepal,5 wickets,Glasgow,"Jul 13, 2022",ODI # 4425
West Indies,Bangladesh,Bangladesh,9 wickets,Providence,"Jul 13, 2022",ODI # 4426
Scotland,Namibia,Scotland,3 wickets,Glasgow,"Jul 14, 2022",ODI # 4427
England,India,England,100 runs,Lord's,"Jul 14, 2022",ODI # 4428
Ireland,New Zealand,New Zealand,1 run,Dublin (Malahide),"Jul 15, 2022",ODI # 4429
Namibia,Nepal,Namibia,63 runs,Ayr,"Jul 16, 2022",ODI # 4430
West Indies,Bangladesh,Bangladesh,4 wickets,Providence,"Jul 16, 2022",ODI # 4431
Scotland,Nepal,Scotland,8 wickets,Glasgow,"Jul 17, 2022",ODI # 4432
England,India,India,5 wickets,Manchester,"Jul 17, 2022",ODI # 4433
England,South Africa,South Africa,62 runs,Chester-le-Street,"Jul 19, 2022",ODI # 4434
England,South Africa,England,118 runs,Manchester,"Jul 22, 2022",ODI # 4435
West Indies,India,India,3 runs,Port of Spain,"Jul 22, 2022",ODI # 4436
England,South Africa,no result,,Leeds,"Jul 24, 2022",ODI # 4437
West Indies,India,India,2 wickets,Port of Spain,"Jul 24, 2022",ODI # 4438
West Indies,India,India,119 runs,Port of Spain,"Jul 27, 2022",ODI # 4439
Scotland,New Zealand,New Zealand,7 wickets,Edinburgh,"Jul 31, 2022",ODI # 4440
Zimbabwe,Bangladesh,Zimbabwe,5 wickets,Harare,"Aug 5, 2022",ODI # 4441
Zimbabwe,Bangladesh,Zimbabwe,5 wickets,Harare,"Aug 7, 2022",ODI # 4442
Zimbabwe,Bangladesh,Bangladesh,105 runs,Harare,"Aug 10, 2022",ODI # 4443
Scotland,U.A.E.,Scotland,64 runs,Aberdeen,"Aug 10, 2022",ODI # 4444
U.A.E.,U.S.A.,U.S.A.,1 wicket,Aberdeen,"Aug 11, 2022",ODI # 4445
Scotland,U.S.A.,Scotland,5 wickets,Aberdeen,"Aug 13, 2022",ODI # 4446
Scotland,U.A.E.,Scotland,86 runs,Aberdeen,"Aug 14, 2022",ODI # 4447
Netherlands,Pakistan,Pakistan,16 runs,Rotterdam,"Aug 16, 2022",ODI # 4448
Scotland,U.S.A.,U.S.A.,2 wickets,Aberdeen,"Aug 17, 2022",ODI # 4449
West Indies,New Zealand,West Indies,5 wickets,Bridgetown,"Aug 17, 2022",ODI # 4450
Zimbabwe,India,India,10 wickets,Harare,"Aug 18, 2022",ODI # 4451
Netherlands,Pakistan,Pakistan,7 wickets,Rotterdam,"Aug 18, 2022",ODI # 4452
West Indies,New Zealand,New Zealand,50 runs,Bridgetown,"Aug 19, 2022",ODI # 4453
Zimbabwe,India,India,5 wickets,Harare,"Aug 20, 2022",ODI # 4454
Netherlands,Pakistan,Pakistan,9 runs,Rotterdam,"Aug 21, 2022",ODI # 4455
West Indies,New Zealand,New Zealand,5 wickets,Bridgetown,"Aug 21, 2022",ODI # 4456
Zimbabwe,India,India,13 runs,Harare,"Aug 22, 2022",ODI # 4457
Australia,Zimbabwe,Australia,5 wickets,Townsville,"Aug 28, 2022",ODI # 4458
Australia,Zimbabwe,Australia,8 wickets,Townsville,"Aug 31, 2022",ODI # 4459
Australia,Zimbabwe,Zimbabwe,3 wickets,Townsville,"Sep 3, 2022",ODI # 4460
Australia,New Zealand,Australia,2 wickets,Cairns,"Sep 6, 2022",ODI # 4461
Australia,New Zealand,Australia,113 runs,Cairns,"Sep 8, 2022",ODI # 4462
P.N.G.,U.S.A.,tied,,Port Moresby,"Sep 11, 2022",ODI # 4463
Australia,New Zealand,Australia,25 runs,Cairns,"Sep 11, 2022",ODI # 4464
P.N.G.,U.S.A.,P.N.G.,26 runs,Port Moresby,"Sep 13, 2022",ODI # 4465
Namibia,U.S.A.,Namibia,79 runs,Port Moresby,"Sep 15, 2022",ODI # 4466
Namibia,U.S.A.,Namibia,68 runs,Port Moresby,"Sep 17, 2022",ODI # 4467
P.N.G.,Namibia,Namibia,167 runs,Port Moresby,"Sep 20, 2022",ODI # 4468
P.N.G.,Namibia,Namibia,61 runs,Port Moresby,"Sep 21, 2022",ODI # 4469
India,South Africa,South Africa,9 runs,Lucknow,"Oct 6, 2022",ODI # 4470
India,South Africa,India,7 wickets,Ranchi,"Oct 9, 2022",ODI # 4471
India,South Africa,India,7 wickets,Delhi,"Oct 11, 2022",ODI # 4472
Nepal,U.A.E.,U.A.E.,84 runs,Kirtipur,"Nov 14, 2022",ODI # 4473
Nepal,U.A.E.,Nepal,3 wickets,Kirtipur,"Nov 16, 2022",ODI # 4474
Australia,England,Australia,6 wickets,Adelaide,"Nov 17, 2022",ODI # 4475
Nepal,U.A.E.,Nepal,6 wickets,Kirtipur,"Nov 18, 2022",ODI # 4476
Australia,England,Australia,72 runs,Sydney,"Nov 19, 2022",ODI # 4477
Namibia,P.N.G.,Namibia,8 wickets,Windhoek,"Nov 19, 2022",ODI # 4478
Namibia,U.S.A.,U.S.A.,71 runs,Windhoek,"Nov 20, 2022",ODI # 4479
Australia,England,Australia,221 runs,Melbourne,"Nov 22, 2022",ODI # 4480
P.N.G.,U.S.A.,U.S.A.,6 wickets,Windhoek,"Nov 22, 2022",ODI # 4481
Namibia,P.N.G.,Namibia,3 wickets,Windhoek,"Nov 23, 2022",ODI # 4482
New Zealand,India,New Zealand,7 wickets,Auckland,"Nov 25, 2022",ODI # 4483
P.N.G.,U.S.A.,U.S.A.,35 runs,Windhoek,"Nov 25, 2022",ODI # 4484
Sri Lanka,Afghanistan,Afghanistan,60 runs,Pallekele,"Nov 25, 2022",ODI # 4485
Namibia,U.S.A.,Namibia,6 wickets,Windhoek,"Nov 26, 2022",ODI # 4486
New Zealand,India,no result,,Hamilton,"Nov 27, 2022",ODI # 4487
Sri Lanka,Afghanistan,no result,,Pallekele,"Nov 27, 2022",ODI # 4488
New Zealand,India,no result,,Christchurch,"Nov 30, 2022",ODI # 4489
Sri Lanka,Afghanistan,Sri Lanka,4 wickets,Pallekele,"Nov 30, 2022",ODI # 4490
Namibia,Scotland,Scotland,4 wickets,Windhoek,"Dec 1, 2022",ODI # 4491
Namibia,Nepal,no result,,Windhoek,"Dec 2, 2022",ODI # 4492
Bangladesh,India,Bangladesh,1 wicket,Mirpur,"Dec 4, 2022",ODI # 4493
Nepal,Scotland,Scotland,3 wickets,Windhoek,"Dec 4, 2022",ODI # 4494
Namibia,Scotland,Namibia,3 wickets,Windhoek,"Dec 5, 2022",ODI # 4495
Bangladesh,India,Bangladesh,5 runs,Mirpur,"Dec 7, 2022",ODI # 4496
Namibia,Nepal,Namibia,86 runs,Windhoek,"Dec 7, 2022",ODI # 4497
Nepal,Scotland,Scotland,8 wickets,Windhoek,"Dec 8, 2022",ODI # 4498
Bangladesh,India,India,227 runs,Chattogram,"Dec 10, 2022",ODI # 4499
Pakistan,New Zealand,Pakistan,6 wickets,Karachi,"Jan 9, 2023",ODI # 4500
India,Sri Lanka,India,67 runs,Guwahati,"Jan 10, 2023",ODI # 4501
Pakistan,New Zealand,New Zealand,79 runs,Karachi,"Jan 11, 2023",ODI # 4502
India,Sri Lanka,India,4 wickets,Eden Gardens,"Jan 12, 2023",ODI # 4503
Pakistan,New Zealand,New Zealand,2 wickets,Karachi,"Jan 13, 2023",ODI # 4504
India,Sri Lanka,India,317 runs,Thiruvananthapuram,"Jan 15, 2023",ODI # 4505
Zimbabwe,Ireland,Zimbabwe,3 wickets,Harare,"Jan 18, 2023",ODI # 4506
India,New Zealand,India,12 runs,Hyderabad,"Jan 18, 2023",ODI # 4507
Zimbabwe,Ireland,Ireland,46 runs,Harare,"Jan 21, 2023",ODI # 4508
India,New Zealand,India,8 wickets,Raipur,"Jan 21, 2023",ODI # 4509
Zimbabwe,Ireland,no result,,Harare,"Jan 23, 2023",ODI # 4510
India,New Zealand,India,90 runs,Indore,"Jan 24, 2023",ODI # 4511
South Africa,England,South Africa,27 runs,Bloemfontein,"Jan 27, 2023",ODI # 4512
South Africa,England,South Africa,5 wickets,Bloemfontein,"Jan 29, 2023",ODI # 4513
South Africa,England,England,59 runs,Kimberley,"Feb 1, 2023",ODI # 4514
Nepal,Namibia,Nepal,2 wickets,Kirtipur,"Feb 14, 2023",ODI # 4515
Namibia,Scotland,Scotland,10 wickets,Kirtipur,"Feb 15, 2023",ODI # 4516
Nepal,Scotland,Nepal,3 wickets,Kirtipur,"Feb 17, 2023",ODI # 4517
Nepal,Namibia,Nepal,3 wickets,Kirtipur,"Feb 18, 2023",ODI # 4518
Namibia,Scotland,Scotland,43 runs,Kirtipur,"Feb 20, 2023",ODI # 4519
Nepal,Scotland,Nepal,2 wickets,Kirtipur,"Feb 21, 2023",ODI # 4520
U.A.E.,Namibia,U.A.E.,1 wicket,Dubai (DSC),"Feb 23, 2023",ODI # 4521
